date,股票代码,open,close,high,low,volume,amount,振幅,涨跌幅,涨跌额,换手率
2020-09-11,002373,22.03,22.38,22.54,21.94,162995,362870096.0,2.7,0.63,0.14,1.56
2020-09-14,002373,22.52,22.38,22.7,22.2,135209,303472384.0,2.23,0.0,0.0,1.29
2020-09-15,002373,22.42,22.62,22.62,22.1,160115,357922064.0,2.32,1.07,0.24,1.53
2020-09-16,002373,22.63,22.59,22.95,22.3,136746,309188848.0,2.87,-0.13,-0.03,1.31
2020-09-17,002373,22.4,22.78,22.92,22.24,149041,336913088.0,3.01,0.84,0.19,1.43
2020-09-18,002373,23.51,23.22,23.7,22.9,260328,607419376.0,3.51,1.93,0.44,2.49
2020-09-21,002373,23.24,22.9,23.24,22.89,147922,340392400.0,1.51,-1.38,-0.32,1.42
2020-09-22,002373,22.61,22.36,22.73,22.32,129858,292390928.0,1.79,-2.36,-0.54,1.24
2020-09-23,002373,22.5,22.49,22.54,22.26,84086,188499175.0,1.25,0.58,0.13,0.8
2020-09-24,002373,22.3,22.06,22.37,22.02,99125,219254499.0,1.56,-1.91,-0.43,0.95
2020-09-25,002373,22.12,22.03,22.3,21.88,87308,192718971.0,1.9,-0.14,-0.03,0.84
2020-09-28,002373,22.14,22.03,22.39,21.99,77796,172101405.0,1.82,0.0,0.0,0.74
2020-09-29,002373,22.1,22.14,22.28,21.98,92629,205226955.0,1.36,0.5,0.11,0.89
2020-09-30,002373,22.23,21.97,22.28,21.9,79621,175819976.0,1.72,-0.77,-0.17,0.76
2020-10-09,002373,22.26,22.73,22.75,22.23,151372,341452128.0,2.37,3.46,0.76,1.45
2020-10-12,002373,23.1,23.08,23.22,22.9,206407,475447008.0,1.41,1.54,0.35,1.97
2020-10-13,002373,23.14,22.95,23.14,22.8,117965,270684848.0,1.47,-0.56,-0.13,1.13
2020-10-14,002373,23.0,22.62,23.07,22.55,119118,270294080.0,2.27,-1.44,-0.33,1.14
2020-10-15,002373,22.59,22.49,22.85,22.48,84978,192047571.0,1.64,-0.57,-0.13,0.81
2020-10-16,002373,22.5,22.33,22.68,22.27,83496,187155564.0,1.82,-0.71,-0.16,0.8
2020-10-19,002373,22.6,22.42,22.79,22.24,86044,193448649.0,2.46,0.4,0.09,0.82
2020-10-20,002373,22.35,22.63,22.64,22.1,67057,150478960.0,2.41,0.94,0.21,0.64
2020-10-21,002373,22.68,22.97,23.08,22.58,170415,389715472.0,2.21,1.5,0.34,1.63
2020-10-22,002373,23.0,22.8,23.15,22.78,120784,277088400.0,1.61,-0.74,-0.17,1.16
2020-10-23,002373,22.7,22.29,22.84,22.28,102403,230462645.0,2.46,-2.24,-0.51,0.98
2020-10-26,002373,22.13,22.0,22.19,21.62,94157,206510845.0,2.56,-1.3,-0.29,0.9
2020-10-27,002373,21.98,21.84,22.07,21.7,67803,148295089.0,1.68,-0.73,-0.16,0.65
2020-10-28,002373,22.06,23.18,23.18,22.0,264637,601944688.0,5.4,6.14,1.34,2.53
2020-10-29,002373,22.8,22.74,23.08,22.66,154213,352032880.0,1.81,-1.9,-0.44,1.48
2020-10-30,002373,22.81,22.19,23.05,22.16,133963,303002048.0,3.91,-2.42,-0.55,1.28
2020-11-02,002373,22.3,21.81,22.4,21.66,128760,282066544.0,3.33,-1.71,-0.38,1.23
2020-11-03,002373,21.84,22.36,22.46,21.84,105623,235317883.0,2.84,2.52,0.55,1.01
2020-11-04,002373,22.1,21.1,22.1,20.98,369300,783486864.0,5.01,-5.64,-1.26,3.54
2020-11-05,002373,21.28,21.31,21.4,20.74,214302,452052368.0,3.13,1.0,0.21,2.05
2020-11-06,002373,21.28,20.88,21.29,20.78,145954,305528800.0,2.39,-2.02,-0.43,1.4
2020-11-09,002373,20.98,21.62,21.75,20.96,185519,398275888.0,3.78,3.54,0.74,1.78
2020-11-10,002373,21.73,21.23,21.73,21.11,118215,251821793.0,2.87,-1.8,-0.39,1.13
2020-11-11,002373,21.08,20.43,21.14,20.39,169139,350502064.0,3.53,-3.77,-0.8,1.62
2020-11-12,002373,20.52,20.5,20.8,20.33,126416,259559825.0,2.3,0.34,0.07,1.21
2020-11-13,002373,20.5,20.67,20.73,20.31,96088,197567047.0,2.05,0.83,0.17,0.92
2020-11-16,002373,20.78,20.8,20.86,20.32,124433,256488379.0,2.61,0.63,0.13,1.19
2020-11-17,002373,20.75,20.47,20.84,20.37,104398,214190870.0,2.26,-1.59,-0.33,1.0
2020-11-18,002373,20.41,20.35,20.62,20.25,105185,214234842.0,1.81,-0.59,-0.12,1.01
2020-11-19,002373,20.3,20.09,20.34,19.9,115951,232611544.0,2.16,-1.28,-0.26,1.11
2020-11-20,002373,20.12,20.71,20.79,19.73,213687,430052832.0,5.28,3.09,0.62,2.05
2020-11-23,002373,21.02,20.68,21.16,20.5,234764,487941712.0,3.19,-0.14,-0.03,2.25
2020-11-24,002373,20.71,20.58,20.96,20.54,118166,244524910.0,2.03,-0.48,-0.1,1.13
2020-11-25,002373,20.51,20.08,20.6,20.07,148635,301830080.0,2.58,-2.43,-0.5,1.42
2020-11-26,002373,20.05,19.92,20.18,19.89,93949,187785841.0,1.44,-0.8,-0.16,0.9
2020-11-27,002373,20.11,20.09,20.55,19.94,113477,229159206.0,3.06,0.85,0.17,1.09
2020-11-30,002373,19.96,19.6,20.25,19.6,157963,315062800.0,3.24,-2.44,-0.49,1.51
2020-12-01,002373,19.68,19.89,19.97,19.46,157105,309656832.0,2.6,1.48,0.29,1.5
2020-12-02,002373,19.9,19.99,20.11,19.83,120069,239624557.0,1.41,0.5,0.1,1.15
2020-12-03,002373,20.3,20.73,20.85,20.2,300873,621691424.0,3.25,3.7,0.74,2.88
2020-12-04,002373,20.68,20.66,20.83,20.5,129556,267759330.0,1.59,-0.34,-0.07,1.24
2020-12-07,002373,20.85,20.66,21.09,20.6,144838,301485584.0,2.37,0.0,0.0,1.39
2020-12-08,002373,20.52,20.32,20.64,20.26,113650,231999229.0,1.84,-1.65,-0.34,1.09
2020-12-09,002373,20.35,19.83,20.39,19.8,117914,236664768.0,2.9,-2.41,-0.49,1.13
2020-12-10,002373,19.81,19.54,19.88,19.51,112844,221665768.0,1.87,-1.46,-0.29,1.08
2020-12-11,002373,19.41,18.12,19.44,17.84,411052,749384256.0,8.19,-7.27,-1.42,3.94
2020-12-14,002373,17.93,18.19,18.34,17.76,147329,266611671.0,3.2,0.39,0.07,1.4
2020-12-15,002373,18.11,18.75,19.26,18.0,174389,327256928.0,6.93,3.08,0.56,1.66
2020-12-16,002373,19.6,19.83,20.15,19.39,314915,624255120.0,4.05,5.76,1.08,2.99
2020-12-17,002373,19.8,19.48,19.81,19.35,147294,287412112.0,2.32,-1.77,-0.35,1.4
2020-12-18,002373,19.58,19.4,19.65,19.3,96482,187400850.0,1.8,-0.41,-0.08,0.92
2020-12-21,002373,19.4,19.14,19.5,19.06,148665,286066352.0,2.27,-1.34,-0.26,1.41
2020-12-22,002373,19.15,18.66,19.26,18.6,146147,276647360.0,3.45,-2.51,-0.48,1.39
2020-12-23,002373,18.68,18.87,18.98,18.34,113265,211476344.0,3.43,1.13,0.21,1.08
2020-12-24,002373,18.7,18.12,18.78,18.11,129040,235648775.0,3.55,-3.97,-0.75,1.23
2020-12-25,002373,18.01,18.35,18.47,17.71,96644,175799003.0,4.19,1.27,0.23,0.92
2020-12-28,002373,18.36,18.02,18.48,17.98,95701,173461013.0,2.72,-1.8,-0.33,0.91
2020-12-29,002373,18.18,18.7,19.01,18.11,153316,285897424.0,4.99,3.77,0.68,1.46
2020-12-30,002373,18.58,18.69,18.83,18.45,96033,178983517.0,2.03,-0.05,-0.01,0.91
2020-12-31,002373,19.03,19.12,19.39,18.83,158008,302114176.0,3.0,2.3,0.43,1.5
2021-01-04,002373,19.01,18.94,19.07,18.69,143811,271550048.0,1.99,-0.94,-0.18,1.37
2021-01-05,002373,18.9,19.7,19.98,18.8,250286,490806848.0,6.23,4.01,0.76,2.38
2021-01-06,002373,19.7,19.03,19.7,18.94,152042,291478704.0,3.86,-3.4,-0.67,1.45
2021-01-07,002373,18.89,18.4,18.93,18.15,162408,300056496.0,4.1,-3.31,-0.63,1.54
2021-01-08,002373,18.41,19.68,19.84,18.3,294780,572027744.0,8.37,6.96,1.28,2.8
2021-01-11,002373,19.95,20.73,20.92,19.95,370932,764843664.0,4.93,5.34,1.05,3.53
2021-01-12,002373,20.49,19.98,20.55,19.79,269830,541281440.0,3.67,-3.62,-0.75,2.57
2021-01-13,002373,19.98,20.16,20.73,19.82,222422,452003296.0,4.55,0.9,0.18,2.11
2021-01-14,002373,19.9,19.74,20.45,19.73,194210,389510864.0,3.57,-2.08,-0.42,1.85
2021-01-15,002373,19.86,19.5,20.02,19.28,150898,295450512.0,3.75,-1.22,-0.24,1.43
2021-01-18,002373,19.55,20.12,20.45,19.46,187462,375877168.0,5.08,3.18,0.62,1.78
2021-01-19,002373,20.2,19.38,20.27,19.33,182889,360325872.0,4.67,-3.68,-0.74,1.74
2021-01-20,002373,19.49,19.77,20.07,19.25,162316,318575872.0,4.23,2.01,0.39,1.54
2021-01-21,002373,19.6,19.36,19.64,19.35,163871,318999648.0,1.47,-2.07,-0.41,1.56
2021-01-22,002373,19.5,18.96,19.54,18.63,186104,351443184.0,4.7,-2.07,-0.4,1.77
2021-01-25,002373,18.8,18.49,18.87,18.38,155595,289109696.0,2.58,-2.48,-0.47,1.48
2021-01-26,002373,18.56,18.52,19.2,18.41,158849,297882384.0,4.27,0.16,0.03,1.51
2021-01-27,002373,18.5,18.7,18.9,18.35,148915,277586768.0,2.97,0.97,0.18,1.42
2021-01-28,002373,18.65,18.28,18.92,18.22,133864,247969052.0,3.74,-2.25,-0.42,1.27
2021-01-29,002373,18.35,17.8,18.42,17.59,164867,296339776.0,4.54,-2.63,-0.48,1.57
2021-02-01,002373,17.56,17.65,17.96,17.55,95015,168267289.0,2.3,-0.84,-0.15,0.9
2021-02-02,002373,17.65,18.04,18.35,17.43,151197,271753616.0,5.21,2.21,0.39,1.44
2021-02-03,002373,17.92,17.41,18.1,17.37,115251,203709571.0,4.05,-3.49,-0.63,1.1
2021-02-04,002373,17.47,16.43,17.61,16.29,265741,443700960.0,7.58,-5.63,-0.98,2.53
2021-02-05,002373,16.44,15.81,16.75,15.72,211537,341148816.0,6.27,-3.77,-0.62,2.01
2021-02-08,002373,15.95,16.05,16.35,15.75,120036,192643729.0,3.8,1.52,0.24,1.14
2021-02-09,002373,15.97,16.39,16.53,15.96,93712,152813750.0,3.55,2.12,0.34,0.89
2021-02-10,002373,16.43,16.3,16.49,16.16,111047,181228407.0,2.01,-0.55,-0.09,1.06
2021-02-18,002373,16.58,16.73,16.93,16.58,110908,185886106.0,2.15,2.64,0.43,1.05
2021-02-19,002373,16.83,17.23,17.28,16.64,121410,206654616.0,3.83,2.99,0.5,1.15
2021-02-22,002373,17.21,17.28,17.65,17.1,143022,249360276.0,3.19,0.29,0.05,1.25
2021-02-23,002373,17.2,16.78,17.22,16.76,132880,224925165.0,2.66,-2.89,-0.5,1.16
2021-02-24,002373,16.78,16.8,17.15,16.65,125562,212267592.0,2.98,0.12,0.02,1.1
2021-02-25,002373,17.28,16.84,17.48,16.71,120539,204303803.0,4.58,0.24,0.04,1.05
2021-02-26,002373,16.49,16.4,16.78,16.35,120824,199642453.0,2.55,-2.61,-0.44,1.06
2021-03-01,002373,16.56,16.8,17.23,16.56,165261,278081008.0,4.09,2.44,0.4,1.45
2021-03-02,002373,16.89,16.89,17.19,16.7,172503,291616800.0,2.92,0.54,0.09,1.51
2021-03-03,002373,16.88,17.2,17.22,16.77,174594,297287312.0,2.66,1.84,0.31,1.53
2021-03-04,002373,17.0,16.92,17.2,16.86,118013,200418307.0,1.98,-1.63,-0.28,1.03
2021-03-05,002373,16.91,17.09,17.12,16.85,109232,185752733.0,1.6,1.0,0.17,0.96
2021-03-08,002373,17.1,16.69,17.32,16.66,152127,257448772.0,3.86,-2.34,-0.4,1.33
2021-03-09,002373,16.69,16.33,16.76,16.01,134030,219765194.0,4.49,-2.16,-0.36,1.17
2021-03-10,002373,16.51,16.21,16.55,16.08,89408,145459887.0,2.88,-0.73,-0.12,0.78
2021-03-11,002373,16.19,16.55,16.6,16.06,93403,152453573.0,3.33,2.1,0.34,0.82
2021-03-12,002373,16.5,16.21,16.55,16.11,97612,158426402.0,2.66,-2.05,-0.34,0.85
2021-03-15,002373,16.08,15.85,16.18,15.72,132248,209703357.0,2.84,-2.22,-0.36,1.16
2021-03-16,002373,15.78,15.68,16.01,15.46,121005,189660944.0,3.47,-1.07,-0.17,1.06
2021-03-17,002373,15.65,15.75,15.84,15.58,74468,117054910.0,1.66,0.45,0.07,0.65
2021-03-18,002373,15.8,15.72,15.9,15.69,76703,121130770.0,1.33,-0.19,-0.03,0.67
2021-03-19,002373,15.63,15.53,15.79,15.49,83332,130239176.0,1.91,-1.21,-0.19,0.73
2021-03-22,002373,15.53,15.9,15.96,15.53,94457,149426667.0,2.77,2.38,0.37,0.83
2021-03-23,002373,15.92,15.92,16.0,15.75,74423,117952725.0,1.57,0.13,0.02,0.65
2021-03-24,002373,15.86,16.02,16.09,15.77,94832,151458585.0,2.01,0.63,0.1,0.83
2021-03-25,002373,15.89,15.96,16.1,15.75,73229,116623660.0,2.18,-0.37,-0.06,0.64
2021-03-26,002373,15.96,16.07,16.19,15.92,87669,140933050.0,1.69,0.69,0.11,0.77
2021-03-29,002373,16.07,15.81,16.07,15.75,89383,141609651.0,1.99,-1.62,-0.26,0.78
2021-03-30,002373,15.81,15.71,15.88,15.5,79394,123883635.0,2.4,-0.63,-0.1,0.69
2021-03-31,002373,15.7,15.77,16.03,15.65,67121,106205283.0,2.42,0.38,0.06,0.59
2021-04-01,002373,15.85,16.2,16.23,15.78,131554,211051374.0,2.85,2.73,0.43,1.15
2021-04-02,002373,16.3,16.18,16.46,16.16,116014,188878017.0,1.85,-0.12,-0.02,1.02
2021-04-06,002373,16.17,16.26,16.53,15.92,188442,304879120.0,3.77,0.49,0.08,1.65
2021-04-07,002373,16.33,16.82,16.9,15.96,346484,571750336.0,5.78,3.44,0.56,3.03
2021-04-08,002373,16.6,16.65,17.1,16.6,248661,418208096.0,2.97,-1.01,-0.17,2.18
2021-04-09,002373,16.48,16.05,16.48,16.0,210023,339587920.0,2.88,-3.6,-0.6,2.0
2021-04-12,002373,16.0,15.67,16.0,15.58,139265,219256634.0,2.62,-2.37,-0.38,1.32
2021-04-13,002373,15.76,15.61,16.01,15.55,112087,177158361.0,2.94,-0.38,-0.06,1.07
2021-04-14,002373,15.74,16.16,16.5,15.71,190244,306622240.0,5.06,3.52,0.55,1.68
2021-04-15,002373,16.22,16.36,16.47,16.1,170430,277803680.0,2.29,1.24,0.2,1.51
2021-04-16,002373,16.36,16.64,16.8,16.3,188966,313183952.0,3.06,1.71,0.28,1.67
2021-04-19,002373,16.91,17.19,17.25,16.67,357751,610598240.0,3.49,3.31,0.55,3.17
2021-04-20,002373,17.16,16.71,17.16,16.71,312614,528594528.0,2.62,-2.79,-0.48,2.77
2021-04-21,002373,16.68,16.39,16.68,16.35,189642,312364144.0,1.97,-1.92,-0.32,1.68
2021-04-22,002373,16.38,16.5,16.56,16.34,155088,255205316.0,1.34,0.67,0.11,1.37
2021-04-23,002373,16.43,16.36,16.44,15.96,223499,361585488.0,2.91,-0.85,-0.14,1.98
2021-04-26,002373,16.28,15.82,16.28,15.81,257116,412133088.0,2.87,-3.3,-0.54,2.28
2021-04-27,002373,15.78,15.41,15.8,15.17,234703,362953488.0,3.98,-2.59,-0.41,2.08
2021-04-28,002373,15.3,15.2,15.48,15.12,149884,228582081.0,2.34,-1.36,-0.21,1.33
2021-04-29,002373,15.27,15.3,15.53,15.19,120519,184718143.0,2.24,0.66,0.1,1.07
2021-04-30,002373,15.4,14.97,15.4,14.86,174574,262346369.0,3.53,-2.16,-0.33,1.55
2021-05-06,002373,14.9,14.74,15.05,14.73,113906,169170344.0,2.14,-1.54,-0.23,1.01
2021-05-07,002373,14.81,14.84,14.92,14.73,91812,135951019.0,1.29,0.68,0.1,0.81
2021-05-10,002373,14.8,14.99,15.06,14.74,97010,145002519.0,2.16,1.01,0.15,0.86
2021-05-11,002373,14.92,15.1,15.13,14.9,91099,137123103.0,1.53,0.73,0.11,0.81
2021-05-12,002373,15.06,15.13,15.19,14.95,87346,131983934.0,1.59,0.2,0.03,0.77
2021-05-13,002373,15.04,14.89,15.13,14.85,103135,154369784.0,1.85,-1.59,-0.24,0.91
2021-05-14,002373,14.88,15.24,15.27,14.75,145267,218285243.0,3.49,2.35,0.35,1.29
2021-05-17,002373,15.3,15.32,15.78,15.25,157048,242750651.0,3.48,0.52,0.08,1.39
2021-05-18,002373,15.32,15.54,15.61,15.18,128371,198257742.0,2.81,1.44,0.22,1.14
2021-05-19,002373,15.41,15.35,15.52,15.28,82784,127456352.0,1.54,-1.22,-0.19,0.73
2021-05-20,002373,15.35,15.3,15.43,15.15,89529,136615385.0,1.82,-0.33,-0.05,0.79
2021-05-21,002373,15.33,15.13,15.37,15.13,75965,115706320.0,1.57,-1.11,-0.17,0.67
2021-05-24,002373,15.06,15.25,15.33,15.05,88716,134912139.0,1.85,0.79,0.12,0.79
2021-05-25,002373,15.25,15.43,15.53,15.15,141775,218211274.0,2.49,1.18,0.18,1.25
2021-05-26,002373,15.46,15.33,15.59,15.33,125552,193946010.0,1.69,-0.65,-0.1,1.11
2021-05-27,002373,15.35,15.52,15.64,15.35,143974,223377555.0,1.89,1.24,0.19,1.27
2021-05-28,002373,15.55,15.26,15.55,15.22,125307,192192363.0,2.13,-1.68,-0.26,1.11
2021-05-31,002373,15.3,15.42,15.55,15.3,126589,195428609.0,1.64,1.05,0.16,1.03
2021-06-01,002373,15.42,15.72,15.83,15.14,215436,334899424.0,4.47,1.95,0.3,1.76
2021-06-02,002373,15.73,15.5,15.75,15.42,129819,201673047.0,2.1,-1.4,-0.22,1.06
2021-06-03,002373,15.5,15.37,15.62,15.32,120645,186549701.0,1.94,-0.84,-0.13,0.98
2021-06-04,002373,15.98,16.91,16.91,15.94,1079294,1811805392.0,6.31,10.02,1.54,8.79
2021-06-07,002373,16.9,16.46,16.9,16.17,685990,1131148832.0,4.32,-2.66,-0.45,5.59
2021-06-08,002373,16.79,17.31,17.88,16.49,846130,1446229936.0,8.44,5.16,0.85,6.89
2021-06-09,002373,17.21,17.62,17.81,16.93,501926,869304544.0,5.08,1.79,0.31,4.09
2021-06-10,002373,17.62,18.07,18.51,17.6,632723,1147560272.0,5.16,2.55,0.45,5.15
2021-06-11,002373,17.92,17.47,17.92,17.35,418239,735560304.0,3.15,-3.32,-0.6,3.41
2021-06-15,002373,17.5,17.04,17.65,16.89,295386,504246736.0,4.35,-2.46,-0.43,2.41
2021-06-16,002373,17.01,17.1,17.29,16.87,232911,397460496.0,2.46,0.35,0.06,1.9
2021-06-17,002373,17.09,16.7,17.3,16.45,380470,634336128.0,4.97,-2.34,-0.4,3.1
2021-06-18,002373,16.74,16.91,17.2,16.63,272010,461195664.0,3.41,1.26,0.21,2.22
2021-06-21,002373,16.76,17.42,17.54,16.6,353819,611386400.0,5.56,3.02,0.51,2.88
2021-06-22,002373,17.49,17.53,17.56,17.12,232236,402496592.0,2.53,0.63,0.11,1.89
2021-06-23,002373,17.55,17.7,18.16,17.35,368101,655986720.0,4.62,0.97,0.17,3.0
2021-06-24,002373,17.66,16.86,17.66,16.86,334918,571714448.0,4.52,-4.75,-0.84,2.73
2021-06-25,002373,17.0,16.93,17.15,16.76,201924,342145456.0,2.31,0.42,0.07,1.65
2021-06-28,002373,16.82,17.08,17.18,16.77,176113,299225008.0,2.42,0.89,0.15,1.43
2021-06-29,002373,17.05,16.68,17.06,16.42,246611,410880000.0,3.75,-2.34,-0.4,2.01
2021-06-30,002373,16.68,16.7,16.84,16.54,130427,217639167.0,1.8,0.12,0.02,1.06
2021-07-01,002373,16.69,16.14,16.69,16.12,174389,285151728.0,3.41,-3.35,-0.56,1.42
2021-07-02,002373,16.2,16.11,16.36,15.9,149628,241422472.0,2.85,-0.19,-0.03,1.22
2021-07-05,002373,16.23,16.19,16.29,15.93,131094,211171744.0,2.23,0.5,0.08,1.07
2021-07-06,002373,16.19,16.16,16.33,15.97,126071,203280969.0,2.22,-0.19,-0.03,1.03
2021-07-07,002373,16.14,16.33,16.34,15.96,133420,215700881.0,2.35,1.05,0.17,1.09
2021-07-08,002373,16.38,16.02,16.42,15.97,172900,278089152.0,2.76,-1.9,-0.31,1.41
2021-07-09,002373,15.9,15.55,15.91,15.42,248883,387462208.0,3.06,-2.93,-0.47,2.03
2021-07-12,002373,15.65,16.18,16.28,15.62,256571,410208896.0,4.24,4.05,0.63,2.09
2021-07-13,002373,16.34,16.3,16.45,16.17,167060,272166512.0,1.73,0.74,0.12,1.36
2021-07-14,002373,16.13,16.15,16.43,16.09,145413,236633203.0,2.09,-0.92,-0.15,1.18
2021-07-15,002373,16.1,15.94,16.23,15.7,133024,211758067.0,3.28,-1.3,-0.21,1.08
2021-07-16,002373,15.91,15.89,16.18,15.8,141252,225594860.0,2.38,-0.31,-0.05,1.15
2021-07-19,002373,15.75,15.85,15.86,15.62,103056,162330609.0,1.51,-0.25,-0.04,0.84
2021-07-20,002373,15.71,15.68,15.8,15.47,127147,198343200.0,2.08,-1.07,-0.17,1.04
2021-07-21,002373,15.74,15.58,15.81,15.56,133300,208815149.0,1.59,-0.64,-0.1,1.09
2021-07-22,002373,15.52,15.72,15.9,15.3,174703,272821808.0,3.85,0.9,0.14,1.42
2021-07-23,002373,15.66,15.21,15.78,15.19,196365,303882256.0,3.75,-3.24,-0.51,1.6
2021-07-26,002373,15.2,15.17,15.33,14.95,143849,217781045.0,2.5,-0.26,-0.04,1.17
2021-07-27,002373,15.12,15.47,15.74,15.04,172931,266375576.0,4.61,1.98,0.3,1.41
2021-07-28,002373,15.5,14.94,15.5,14.85,164597,248659756.0,4.2,-3.43,-0.53,1.34
2021-07-29,002373,15.12,15.19,15.25,14.95,145111,218989101.0,2.01,1.67,0.25,1.18
2021-07-30,002373,15.16,15.41,15.46,14.95,149477,227858761.0,3.36,1.45,0.22,1.22
2021-08-02,002373,15.49,15.9,15.95,15.31,203506,319684784.0,4.15,3.18,0.49,1.66
2021-08-03,002373,15.83,15.71,16.26,15.62,206520,329150144.0,4.03,-1.19,-0.19,1.68
2021-08-04,002373,15.82,15.76,15.87,15.6,121364,190991346.0,1.72,0.32,0.05,0.99
2021-08-05,002373,15.79,15.56,15.79,15.46,123348,192002806.0,2.09,-1.27,-0.2,1.0
2021-08-06,002373,15.5,15.37,15.54,15.19,114952,176400359.0,2.25,-1.22,-0.19,0.94
2021-08-09,002373,15.3,15.7,15.81,15.26,134346,208755130.0,3.58,2.15,0.33,1.09
2021-08-10,002373,15.65,16.02,16.05,15.55,177023,281162768.0,3.18,2.04,0.32,1.44
2021-08-11,002373,15.8,15.83,15.95,15.74,149202,236339845.0,1.31,-1.19,-0.19,1.22
2021-08-12,002373,15.79,16.53,16.77,15.78,397241,652382784.0,6.25,4.42,0.7,3.24
2021-08-13,002373,16.5,16.49,16.58,16.25,206586,338758096.0,2.0,-0.24,-0.04,1.68
2021-08-16,002373,16.7,16.8,17.04,16.52,291493,490702480.0,3.15,1.88,0.31,2.37
2021-08-17,002373,16.66,16.15,16.7,16.06,222278,363561776.0,3.81,-3.87,-0.65,1.81
2021-08-18,002373,16.15,16.4,16.55,16.08,158822,260417869.0,2.91,1.55,0.25,1.29
2021-08-19,002373,16.42,16.28,16.55,16.11,144510,235476754.0,2.68,-0.73,-0.12,1.18
2021-08-20,002373,16.25,16.17,16.25,15.85,151287,241847109.0,2.46,-0.68,-0.11,1.23
2021-08-23,002373,16.14,16.46,16.49,16.13,161085,262976756.0,2.23,1.79,0.29,1.31
2021-08-24,002373,16.45,16.17,16.5,16.14,142417,231155377.0,2.19,-1.76,-0.29,1.16
2021-08-25,002373,16.26,15.95,16.26,15.86,149424,238800714.0,2.47,-1.36,-0.22,1.22
2021-08-26,002373,15.98,15.36,15.99,15.34,202010,314251376.0,4.08,-3.7,-0.59,1.65
2021-08-27,002373,15.3,15.33,15.44,15.25,113224,173731079.0,1.24,-0.2,-0.03,0.92
2021-08-30,002373,15.46,15.18,15.52,15.09,139818,213152193.0,2.8,-0.98,-0.15,1.14
2021-08-31,002373,15.08,15.36,15.36,15.01,94791,144524498.0,2.31,1.19,0.18,0.77
2021-09-01,002373,15.29,15.45,15.45,15.15,104626,160454162.0,1.95,0.59,0.09,0.85
2021-09-02,002373,15.36,15.36,15.44,15.18,98342,150209542.0,1.68,-0.58,-0.09,0.8
2021-09-03,002373,15.43,15.44,15.6,15.31,91963,141963782.0,1.89,0.52,0.08,0.75
2021-09-06,002373,15.43,15.78,15.8,15.3,128159,200017477.0,3.24,2.2,0.34,1.04
2021-09-07,002373,15.73,15.71,15.83,15.62,93805,147287181.0,1.33,-0.44,-0.07,0.76
2021-09-08,002373,15.66,15.8,15.91,15.63,119137,187637996.0,1.78,0.57,0.09,0.97
2021-09-09,002373,15.79,15.55,15.83,15.51,109264,170678525.0,2.03,-1.58,-0.25,0.89
2021-09-10,002373,15.56,15.45,15.64,15.42,103564,160819464.0,1.41,-0.64,-0.1,0.84
2021-09-13,002373,15.34,15.4,15.56,15.25,92944,142936318.0,2.01,-0.32,-0.05,0.76
2021-09-14,002373,15.4,15.42,15.79,15.35,138791,216248778.0,2.86,0.13,0.02,1.13
2021-09-15,002373,15.41,15.27,15.41,15.17,95442,145434839.0,1.56,-0.97,-0.15,0.78
2021-09-16,002373,15.26,15.05,15.33,15.05,91407,138543240.0,1.83,-1.44,-0.22,0.74
2021-09-17,002373,15.05,14.98,15.14,14.88,85653,128248011.0,1.73,-0.47,-0.07,0.7
2021-09-22,002373,14.94,15.08,15.08,14.82,73375,109613411.0,1.74,0.67,0.1,0.6
2021-09-23,002373,15.26,15.45,15.48,15.15,119208,182807932.0,2.19,2.45,0.37,0.97
2021-09-24,002373,15.5,15.35,15.75,15.26,127234,197007696.0,3.17,-0.65,-0.1,1.04
2021-09-27,002373,15.35,15.04,15.43,15.0,87712,132994940.0,2.8,-2.02,-0.31,0.71
2021-09-28,002373,15.01,14.98,15.17,14.98,53421,80435582.0,1.26,-0.4,-0.06,0.44
2021-09-29,002373,15.0,14.79,15.05,14.74,89839,133187847.0,2.07,-1.27,-0.19,0.73
2021-09-30,002373,14.79,14.78,14.87,14.75,57876,85639640.0,0.81,-0.07,-0.01,0.47
2021-10-08,002373,14.85,14.99,15.04,14.85,63251,94608450.0,1.29,1.42,0.21,0.52
2021-10-11,002373,14.99,14.97,15.12,14.93,57355,86173802.0,1.27,-0.13,-0.02,0.47
2021-10-12,002373,15.0,14.47,15.02,14.34,132806,194180564.0,4.54,-3.34,-0.5,1.08
2021-10-13,002373,14.49,14.62,14.7,14.34,66462,96710405.0,2.49,1.04,0.15,0.54
2021-10-14,002373,14.61,14.19,14.61,14.13,128487,183461456.0,3.28,-2.94,-0.43,1.05
2021-10-15,002373,14.44,14.5,14.86,14.43,144762,211954157.0,3.03,2.18,0.31,1.18
2021-10-18,002373,14.4,14.2,14.41,14.06,104551,148397952.0,2.41,-2.07,-0.3,0.85
2021-10-19,002373,14.2,14.27,14.45,14.15,75483,107866200.0,2.11,0.49,0.07,0.55
2021-10-20,002373,14.28,14.24,14.5,14.2,65925,94637303.0,2.1,-0.21,-0.03,0.48
2021-10-21,002373,14.21,14.03,14.28,14.02,88902,125526501.0,1.83,-1.47,-0.21,0.65
2021-10-22,002373,14.05,14.03,14.13,13.88,99054,138599296.0,1.78,0.0,0.0,0.73
2021-10-25,002373,14.02,14.09,14.15,13.85,82017,114937772.0,2.14,0.43,0.06,0.6
2021-10-26,002373,13.72,13.6,13.76,13.16,271872,362878592.0,4.26,-3.48,-0.49,1.99
2021-10-27,002373,13.36,13.18,13.42,13.13,110201,145719178.0,2.13,-3.09,-0.42,0.81
2021-10-28,002373,13.2,13.19,13.28,13.1,66242,87215934.0,1.37,0.08,0.01,0.49
2021-10-29,002373,13.23,13.38,13.45,13.2,76421,102144836.0,1.9,1.44,0.19,0.56
2021-11-01,002373,13.32,13.43,13.47,13.29,69354,92805907.0,1.35,0.37,0.05,0.51
2021-11-02,002373,13.45,13.26,13.51,13.2,66521,88904395.0,2.31,-1.27,-0.17,0.49
2021-11-03,002373,13.29,13.37,13.49,13.28,59817,80104873.0,1.58,0.83,0.11,0.44
2021-11-04,002373,13.45,13.32,13.46,13.25,69219,92137789.0,1.57,-0.37,-0.05,0.51
2021-11-05,002373,13.25,13.56,13.67,13.25,130871,177405561.0,3.15,1.8,0.24,0.96
2021-11-08,002373,13.69,13.55,13.78,13.45,88251,119891567.0,2.43,-0.07,-0.01,0.65
2021-11-09,002373,13.54,13.6,13.66,13.46,89250,120796588.0,1.48,0.37,0.05,0.65
2021-11-10,002373,13.58,13.58,13.69,13.5,65007,88264584.0,1.4,-0.15,-0.02,0.48
2021-11-11,002373,13.55,13.62,13.69,13.47,83988,114282369.0,1.62,0.29,0.04,0.62
2021-11-12,002373,13.61,13.95,14.02,13.59,147075,203994420.0,3.16,2.42,0.33,1.08
2021-11-15,002373,14.02,14.14,14.25,13.94,124134,175373299.0,2.22,1.36,0.19,0.91
2021-11-16,002373,14.1,13.97,14.26,13.94,91736,129168816.0,2.26,-1.2,-0.17,0.67
2021-11-17,002373,13.93,14.08,14.22,13.93,83104,117220119.0,2.08,0.79,0.11,0.61
2021-11-18,002373,14.12,13.73,14.19,13.73,121253,168102232.0,3.27,-2.49,-0.35,0.89
2021-11-19,002373,13.78,14.25,14.35,13.75,164626,232746363.0,4.37,3.79,0.52,1.21
2021-11-22,002373,14.35,14.29,14.4,14.15,137666,196448142.0,1.75,0.28,0.04,1.01
2021-11-23,002373,14.2,14.24,14.42,14.18,116897,167017230.0,1.68,-0.35,-0.05,0.86
2021-11-24,002373,14.27,14.13,14.29,14.01,91323,128931756.0,1.97,-0.77,-0.11,0.67
2021-11-25,002373,14.2,14.93,15.5,14.1,404861,607314784.0,9.91,5.66,0.8,2.97
2021-11-26,002373,14.67,14.65,15.12,14.53,234709,346403808.0,3.95,-1.88,-0.28,1.72
2021-11-29,002373,14.42,14.44,14.58,14.3,143600,207096374.0,1.91,-1.43,-0.21,1.05
2021-11-30,002373,14.64,14.73,15.04,14.6,180578,267046556.0,3.05,2.01,0.29,1.32
2021-12-01,002373,14.68,14.8,14.95,14.59,124536,184433067.0,2.44,0.48,0.07,0.91
2021-12-02,002373,14.7,14.81,15.12,14.65,170247,253597966.0,3.18,0.07,0.01,1.25
2021-12-03,002373,14.83,15.37,15.37,14.81,275522,417868272.0,3.78,3.78,0.56,2.02
2021-12-06,002373,15.2,15.09,15.65,15.04,229153,350432928.0,3.97,-1.82,-0.28,1.68
2021-12-07,002373,15.24,14.94,15.49,14.83,167874,253073339.0,4.37,-0.99,-0.15,1.23
2021-12-08,002373,14.95,15.21,15.25,14.82,154625,233298103.0,2.88,1.81,0.27,1.13
2021-12-09,002373,15.19,15.16,15.25,14.99,133537,202075101.0,1.71,-0.33,-0.05,0.98
2021-12-10,002373,15.1,15.24,15.34,15.08,128603,196063931.0,1.72,0.53,0.08,0.94
2021-12-13,002373,15.25,15.21,15.36,15.15,128877,196293317.0,1.38,-0.2,-0.03,0.94
2021-12-14,002373,15.19,15.34,15.62,15.1,195384,298648480.0,3.42,0.85,0.13,1.43
2021-12-15,002373,14.97,14.76,15.09,14.7,208300,309999232.0,2.54,-3.78,-0.58,1.53
2021-12-16,002373,14.77,14.9,14.95,14.73,93858,139351777.0,1.49,0.95,0.14,0.69
2021-12-17,002373,14.92,14.84,15.02,14.72,107334,159267070.0,2.01,-0.4,-0.06,0.79
2021-12-20,002373,14.7,14.39,14.8,14.35,133207,193550989.0,3.03,-3.03,-0.45,0.98
2021-12-21,002373,14.38,14.59,14.66,14.31,83277,121274173.0,2.43,1.39,0.2,0.61
2021-12-22,002373,14.74,14.71,14.93,14.67,95877,141816388.0,1.78,0.82,0.12,0.7
2021-12-23,002373,14.76,14.6,14.99,14.58,127032,187336937.0,2.79,-0.75,-0.11,0.93
2021-12-24,002373,14.6,14.4,14.7,14.23,116745,168398575.0,3.22,-1.37,-0.2,0.86
2021-12-27,002373,14.52,14.7,14.76,14.4,106909,156465854.0,2.5,2.08,0.3,0.78
2021-12-28,002373,14.77,14.7,14.94,14.64,98202,144882409.0,2.04,0.0,0.0,0.72
2021-12-29,002373,14.65,14.47,14.68,14.43,82668,119769677.0,1.7,-1.56,-0.23,0.61
2021-12-30,002373,14.47,14.71,14.78,14.43,92950,136315703.0,2.42,1.66,0.24,0.68
2021-12-31,002373,14.79,14.95,15.02,14.73,135738,202328436.0,1.97,1.63,0.24,0.99
2022-01-04,002373,15.05,15.1,15.26,15.02,173298,262352527.0,1.61,1.0,0.15,1.27
2022-01-05,002373,15.1,15.16,15.33,14.96,174722,264558560.0,2.45,0.4,0.06,1.28
2022-01-06,002373,15.1,15.01,15.1,14.88,111966,167783725.0,1.45,-0.99,-0.15,0.82
2022-01-07,002373,15.05,15.22,15.46,14.98,225785,344578576.0,3.2,1.4,0.21,1.65
2022-01-10,002373,15.0,15.15,15.27,14.62,163194,244120651.0,4.27,-0.46,-0.07,1.2
2022-01-11,002373,15.09,14.81,15.17,14.72,119540,178370481.0,2.97,-2.24,-0.34,0.88
2022-01-12,002373,14.84,15.28,15.33,14.83,187033,283421168.0,3.38,3.17,0.47,1.36
2022-01-13,002373,15.29,15.27,15.39,15.16,137121,209454179.0,1.51,-0.07,-0.01,1.0
2022-01-14,002373,15.06,15.2,15.6,14.98,194706,298680864.0,4.06,-0.46,-0.07,1.42
2022-01-17,002373,15.33,15.8,16.35,15.3,377854,600419120.0,6.91,3.95,0.6,2.75
2022-01-18,002373,15.95,15.74,16.16,15.71,351230,559687056.0,2.85,-0.38,-0.06,2.56
2022-01-19,002373,15.86,16.0,16.19,15.76,312463,500670368.0,2.73,1.65,0.26,2.27
2022-01-20,002373,15.86,15.8,16.08,15.6,234940,371828880.0,3.0,-1.25,-0.2,1.71
2022-01-21,002373,15.72,15.55,15.8,15.4,178210,277626048.0,2.53,-1.58,-0.25,1.3
2022-01-24,002373,15.47,15.3,15.7,15.25,136398,210620831.0,2.89,-1.61,-0.25,0.99
2022-01-25,002373,15.25,14.4,15.38,14.4,197193,291448320.0,6.41,-5.88,-0.9,1.44
2022-01-26,002373,14.5,14.48,14.65,14.25,151017,218732655.0,2.78,0.56,0.08,1.1
2022-01-27,002373,14.5,13.72,14.52,13.7,197118,274572832.0,5.66,-5.25,-0.76,1.44
2022-01-28,002373,13.92,13.44,14.04,13.38,199311,272821728.0,4.81,-2.04,-0.28,1.45
2022-02-07,002373,13.71,13.57,13.77,13.46,117752,160012477.0,2.31,0.97,0.13,0.86
2022-02-08,002373,13.58,13.85,13.86,13.33,129884,177083270.0,3.91,2.06,0.28,0.95
2022-02-09,002373,13.88,14.15,14.24,13.8,148719,210313285.0,3.18,2.17,0.3,1.08
2022-02-10,002373,14.15,14.16,14.22,14.05,90091,127442702.0,1.2,0.07,0.01,0.66
2022-02-11,002373,14.33,13.9,14.33,13.85,131820,184748728.0,3.39,-1.84,-0.26,0.96
2022-02-14,002373,13.76,13.99,14.11,13.71,91270,127413115.0,2.88,0.65,0.09,0.66
2022-02-15,002373,13.83,13.95,14.13,13.82,64738,90336070.0,2.22,-0.29,-0.04,0.47
2022-02-16,002373,14.05,13.91,14.17,13.87,73740,102989376.0,2.15,-0.29,-0.04,0.54
2022-02-17,002373,13.93,13.68,13.93,13.64,123075,169451436.0,2.08,-1.65,-0.23,0.9
2022-02-18,002373,13.7,13.99,14.01,13.63,120341,167215292.0,2.78,2.27,0.31,0.88
2022-02-21,002373,14.0,14.73,14.78,13.92,262996,380208560.0,6.15,5.29,0.74,1.91
2022-02-22,002373,14.55,14.4,14.67,14.25,169479,244781309.0,2.85,-2.24,-0.33,1.23
2022-02-23,002373,14.4,14.48,14.62,14.3,130573,189169458.0,2.22,0.56,0.08,0.95
2022-02-24,002373,14.4,13.92,14.62,13.8,198796,281218304.0,5.66,-3.87,-0.56,1.45
2022-02-25,002373,14.09,14.06,14.27,14.0,98139,138868524.0,1.94,1.01,0.14,0.71
2022-02-28,002373,14.05,13.89,14.12,13.8,82705,114972170.0,2.28,-1.21,-0.17,0.6
2022-03-01,002373,13.89,13.94,13.99,13.77,77824,108193176.0,1.58,0.36,0.05,0.57
2022-03-02,002373,13.85,13.87,13.95,13.78,70029,96988612.0,1.22,-0.5,-0.07,0.51
2022-03-03,002373,13.9,13.76,14.06,13.73,79676,110075515.0,2.38,-0.79,-0.11,0.58
2022-03-04,002373,13.65,13.52,13.71,13.44,121080,164309142.0,1.96,-1.74,-0.24,0.88
2022-03-07,002373,13.4,12.92,13.46,12.86,203765,265355119.0,4.44,-4.44,-0.6,1.48
2022-03-08,002373,12.92,12.6,13.04,12.57,109507,140047648.0,3.64,-2.48,-0.32,0.8
2022-03-09,002373,12.65,12.27,12.76,11.65,163721,200301325.0,8.81,-2.62,-0.33,1.19
2022-03-10,002373,12.58,12.25,12.62,12.25,98595,122420287.0,3.02,-0.16,-0.02,0.72
2022-03-11,002373,11.96,12.3,12.36,11.84,112340,135299213.0,4.24,0.41,0.05,0.82
2022-03-14,002373,12.18,12.01,12.45,12.01,69874,85219692.0,3.58,-2.36,-0.29,0.51
2022-03-15,002373,12.03,11.38,12.1,11.38,122832,144179883.0,6.0,-5.25,-0.63,0.89
2022-03-16,002373,11.52,11.75,11.82,11.13,139494,160160473.0,6.06,3.25,0.37,1.02
2022-03-17,002373,11.93,11.99,12.25,11.8,133687,161704832.0,3.83,2.04,0.24,0.97
2022-03-18,002373,12.12,12.0,12.12,11.88,76307,91533785.0,2.0,0.08,0.01,0.56
2022-03-21,002373,12.03,11.93,12.13,11.78,88679,105888838.0,2.92,-0.58,-0.07,0.65
2022-03-22,002373,11.92,12.05,12.15,11.85,77637,93175904.0,2.51,1.01,0.12,0.57
2022-03-23,002373,12.14,12.15,12.34,12.03,93427,113806907.0,2.57,0.83,0.1,0.68
2022-03-24,002373,12.05,11.88,12.1,11.87,73418,87631698.0,1.89,-2.22,-0.27,0.53
2022-03-25,002373,11.95,11.8,12.1,11.78,79570,94817719.0,2.69,-0.67,-0.08,0.58
2022-03-28,002373,11.77,11.85,11.93,11.62,65112,76619639.0,2.63,0.42,0.05,0.47
2022-03-29,002373,11.83,11.63,11.92,11.6,63854,74769096.0,2.7,-1.86,-0.22,0.46
2022-03-30,002373,10.47,10.74,10.8,10.47,389191,411748336.0,2.84,-7.65,-0.89,2.83
2022-03-31,002373,10.68,10.7,11.0,10.57,197322,212916915.0,4.0,-0.37,-0.04,1.44
2022-04-01,002373,10.66,10.76,10.79,10.52,114517,122342809.0,2.52,0.56,0.06,0.83
2022-04-06,002373,10.76,10.81,11.0,10.72,97211,105435391.0,2.6,0.46,0.05,0.71
2022-04-07,002373,10.81,10.31,10.85,10.26,195871,204959925.0,5.46,-4.63,-0.5,1.43
2022-04-08,002373,10.35,10.26,10.39,10.06,109381,111628827.0,3.2,-0.48,-0.05,0.8
2022-04-11,002373,10.26,9.99,10.38,9.92,124164,125491436.0,4.48,-2.63,-0.27,0.9
2022-04-12,002373,9.96,10.2,10.2,9.92,91810,92352778.0,2.8,2.1,0.21,0.67
2022-04-13,002373,10.18,9.99,10.18,9.95,77132,77281151.0,2.25,-2.06,-0.21,0.56
2022-04-14,002373,10.01,9.98,10.06,9.93,63998,63976946.0,1.3,-0.1,-0.01,0.47
2022-04-15,002373,9.95,9.96,10.11,9.75,105232,104369446.0,3.61,-0.2,-0.02,0.77
2022-04-18,002373,9.96,10.01,10.04,9.79,59713,59410265.0,2.51,0.5,0.05,0.43
2022-04-19,002373,10.04,9.95,10.26,9.88,83885,84249426.0,3.8,-0.6,-0.06,0.61
2022-04-20,002373,10.04,9.9,10.13,9.84,84398,84363168.0,2.91,-0.5,-0.05,0.61
2022-04-21,002373,9.86,9.43,9.87,9.4,118478,114387722.0,4.75,-4.75,-0.47,0.86
2022-04-22,002373,9.39,9.22,9.46,9.17,107266,99743943.0,3.08,-2.23,-0.21,0.78
2022-04-25,002373,9.09,8.4,9.09,8.36,169844,148313504.0,7.92,-8.89,-0.82,1.24
2022-04-26,002373,8.5,8.06,8.55,7.9,151186,126019935.0,7.74,-4.05,-0.34,1.1
2022-04-27,002373,8.01,8.42,8.43,7.93,127368,104179951.0,6.2,4.47,0.36,0.93
2022-04-28,002373,8.38,8.17,8.38,8.06,94181,77225044.0,3.8,-2.97,-0.25,0.69
2022-04-29,002373,8.27,8.57,8.65,8.19,123975,105018261.0,5.63,4.9,0.4,0.9
2022-05-05,002373,8.55,8.59,8.77,8.46,93592,80612331.0,3.62,0.23,0.02,0.68
2022-05-06,002373,8.35,8.46,8.63,8.31,79227,67067596.0,3.73,-1.51,-0.13,0.58
2022-05-09,002373,8.54,8.46,8.79,8.36,67399,57206392.0,5.08,0.0,0.0,0.49
2022-05-10,002373,8.37,8.52,8.55,8.29,84350,71265353.0,3.07,0.71,0.06,0.61
2022-05-11,002373,8.55,8.59,8.82,8.46,131095,113925042.0,4.23,0.82,0.07,0.95
2022-05-12,002373,8.56,8.6,8.7,8.53,70561,60740376.0,1.98,0.12,0.01,0.51
2022-05-13,002373,8.78,8.56,8.78,8.48,63534,54467661.0,3.49,-0.47,-0.04,0.46
2022-05-16,002373,8.58,8.47,8.66,8.43,66696,56850964.0,2.69,-1.05,-0.09,0.49
2022-05-17,002373,8.52,8.44,8.52,8.35,58588,49334241.0,2.01,-0.35,-0.03,0.43
2022-05-18,002373,8.55,8.49,8.65,8.46,95745,81867760.0,2.25,0.59,0.05,0.7
2022-05-19,002373,8.39,8.61,8.66,8.35,121350,103624198.0,3.65,1.41,0.12,0.88
2022-05-20,002373,8.67,8.73,8.78,8.57,107193,92990300.0,2.44,1.39,0.12,0.78
2022-05-23,002373,8.76,8.85,8.86,8.74,89449,78773695.0,1.37,1.37,0.12,0.65
2022-05-24,002373,8.86,8.38,8.87,8.35,112466,96909409.0,5.88,-5.31,-0.47,0.82
2022-05-25,002373,8.42,8.54,8.55,8.41,54442,46227829.0,1.67,1.91,0.16,0.4
2022-05-26,002373,8.56,8.69,8.72,8.41,90260,77586606.0,3.63,1.76,0.15,0.66
2022-05-27,002373,8.82,8.68,8.84,8.6,64072,55802898.0,2.76,-0.12,-0.01,0.47
2022-05-30,002373,8.73,8.76,8.78,8.65,74800,65302028.0,1.5,0.92,0.08,0.54
2022-05-31,002373,8.8,8.72,8.86,8.61,190382,166506818.0,2.85,-0.46,-0.04,1.39
2022-06-01,002373,8.76,8.9,9.18,8.71,233284,208695149.0,5.39,2.06,0.18,1.7
2022-06-02,002373,8.86,8.99,9.05,8.74,138244,122970207.0,3.48,1.01,0.09,1.01
2022-06-06,002373,9.2,9.54,9.67,9.11,280624,264783665.0,6.23,6.12,0.55,2.04
2022-06-07,002373,9.59,9.26,9.6,9.2,190643,177816449.0,4.19,-2.94,-0.28,1.39
2022-06-08,002373,9.21,9.2,9.41,9.05,130774,120573162.0,3.89,-0.65,-0.06,0.95
2022-06-09,002373,9.28,9.03,9.3,8.96,138593,126415155.0,3.7,-1.85,-0.17,1.01
2022-06-10,002373,8.94,9.14,9.17,8.9,126846,114828700.0,2.99,1.22,0.11,0.92
2022-06-13,002373,9.04,9.05,9.16,8.96,113070,102423292.0,2.19,-0.98,-0.09,0.82
2022-06-14,002373,9.01,9.1,9.14,8.68,176561,156860116.0,5.08,0.55,0.05,1.29
2022-06-15,002373,9.01,9.12,9.32,9.01,153534,141379891.0,3.41,0.22,0.02,1.12
2022-06-16,002373,9.11,9.18,9.3,9.1,124453,114718731.0,2.19,0.66,0.06,0.91
2022-06-17,002373,9.07,9.12,9.19,8.93,111309,101085776.0,2.83,-0.65,-0.06,0.81
2022-06-20,002373,9.2,9.14,9.21,9.05,97064,88651536.0,1.75,0.22,0.02,0.71
2022-06-21,002373,9.15,9.16,9.24,9.06,115150,105294662.0,1.97,0.22,0.02,0.84
2022-06-22,002373,9.23,8.94,9.23,8.9,113526,102558849.0,3.6,-2.4,-0.22,0.83
2022-06-23,002373,8.91,9.41,9.56,8.91,248365,230691462.0,7.27,5.26,0.47,1.81
2022-06-24,002373,9.46,9.32,9.48,9.28,139863,130749512.0,2.13,-0.96,-0.09,1.02
2022-06-27,002373,9.3,9.28,9.4,9.22,99246,92342576.0,1.93,-0.43,-0.04,0.72
2022-06-28,002373,9.68,10.21,10.21,9.68,210306,210472731.0,5.71,10.02,0.93,1.53
2022-06-29,002373,10.71,10.6,11.22,10.4,828632,893078896.0,8.03,3.82,0.39,6.03
2022-06-30,002373,10.6,11.12,11.5,10.33,580233,627813232.0,11.04,4.91,0.52,4.22
2022-07-01,002373,10.85,10.65,10.99,10.65,309325,333950848.0,3.06,-4.23,-0.47,2.25
2022-07-04,002373,10.55,10.31,10.64,10.25,273365,283269792.0,3.66,-3.19,-0.34,1.99
2022-07-05,002373,10.32,10.11,10.49,9.94,220715,224395086.0,5.33,-1.94,-0.2,1.61
2022-07-06,002373,10.04,10.14,10.39,9.9,215063,217491358.0,4.85,0.3,0.03,1.57
2022-07-07,002373,10.37,10.71,10.82,10.29,366634,387533968.0,5.23,5.62,0.57,2.67
2022-07-08,002373,10.56,10.61,11.16,10.45,272358,289769232.0,6.63,-0.93,-0.1,1.98
2022-07-11,002373,10.76,10.43,11.07,10.43,300494,323982048.0,6.03,-1.7,-0.18,2.19
2022-07-12,002373,10.43,10.17,10.67,10.16,228888,237367483.02,4.89,-2.49,-0.26,1.67
2022-07-13,002373,10.2,10.35,10.48,10.09,161583,165664886.58,3.83,1.77,0.18,1.18
2022-07-14,002373,10.28,10.13,10.32,10.09,135956,138458152.7,2.22,-2.13,-0.22,0.99
2022-07-15,002373,9.99,9.75,10.04,9.6,204812,201533417.97,4.34,-3.75,-0.38,1.49
2022-07-18,002373,9.74,10.28,10.38,9.71,187277,190036424.45,6.87,5.44,0.53,1.36
2022-07-19,002373,10.21,10.4,10.44,10.17,143007,147503154.05,2.63,1.17,0.12,1.04
2022-07-20,002373,10.48,10.33,10.55,10.3,133399,138750251.86,2.4,-0.67,-0.07,0.97
2022-07-21,002373,10.38,10.19,10.54,10.18,116983,120813772.6,3.48,-1.36,-0.14,0.85
2022-07-22,002373,10.2,10.1,10.4,10.03,108472,110390159.83,3.63,-0.88,-0.09,0.79
2022-07-25,002373,10.11,9.93,10.24,9.86,97015,96828985.66,3.76,-1.68,-0.17,0.71
2022-07-26,002373,9.92,10.14,10.22,9.85,103748,104396949.31,3.73,2.11,0.21,0.76
2022-07-27,002373,10.17,10.07,10.17,10.05,53461,53936911.0,1.18,-0.69,-0.07,0.39
2022-07-28,002373,10.2,10.07,10.36,10.07,100857,102883821.48,2.88,0.0,0.0,0.73
2022-07-29,002373,10.28,10.23,10.48,10.16,177632,183232980.69,3.18,1.59,0.16,1.29
2022-08-01,002373,10.16,10.44,10.45,9.98,173523,178707851.14,4.59,2.05,0.21,1.26
2022-08-02,002373,10.27,9.96,10.28,9.78,208216,208139469.1,4.79,-4.6,-0.48,1.52
2022-08-03,002373,9.95,9.89,10.19,9.86,131022,131833281.43,3.31,-0.7,-0.07,0.95
2022-08-04,002373,9.95,9.94,10.03,9.76,92732,91761442.98,2.73,0.51,0.05,0.68
2022-08-05,002373,9.97,10.25,10.27,9.91,148522,150362529.9,3.62,3.12,0.31,1.08
2022-08-08,002373,10.23,10.2,10.29,10.08,103716,105365388.19,2.05,-0.49,-0.05,0.76
2022-08-09,002373,10.58,10.48,10.79,10.32,248839,261888006.46,4.61,2.75,0.28,1.81
2022-08-10,002373,10.55,10.31,10.58,10.21,136538,141014779.98,3.53,-1.62,-0.17,0.99
2022-08-11,002373,10.31,10.45,10.48,10.31,132041,137589727.39,1.65,1.36,0.14,0.96
2022-08-12,002373,10.45,10.29,10.48,10.27,91593,94976579.6,2.01,-1.53,-0.16,0.67
2022-08-15,002373,10.22,10.06,10.26,10.03,114834,115923724.82,2.24,-2.24,-0.23,0.84
2022-08-16,002373,10.07,10.03,10.14,9.97,93649,93972473.65,1.69,-0.3,-0.03,0.68
2022-08-17,002373,10.01,10.14,10.16,9.92,97847,98239784.68,2.39,1.1,0.11,0.71
2022-08-18,002373,10.1,10.5,10.75,10.0,270360,282532463.22,7.4,3.55,0.36,1.97
2022-08-19,002373,10.5,10.27,10.62,10.23,163059,169253048.37,3.71,-2.19,-0.23,1.19
2022-08-22,002373,10.37,10.36,10.46,10.2,116937,120625459.53,2.53,0.88,0.09,0.85
2022-08-23,002373,10.29,10.26,10.36,10.16,94457,96727382.06,1.93,-0.97,-0.1,0.69
2022-08-24,002373,10.23,9.92,10.26,9.92,135693,136193818.9,3.31,-3.31,-0.34,0.99
2022-08-25,002373,10.0,9.72,10.0,9.65,113144,110596652.57,3.53,-2.02,-0.2,0.82
2022-08-26,002373,9.72,9.87,10.08,9.72,85790,84646066.87,3.7,1.54,0.15,0.62
2022-08-29,002373,9.68,9.72,9.79,9.61,55993,54419707.18,1.82,-1.52,-0.15,0.41
2022-08-30,002373,9.68,9.74,9.8,9.68,46688,45420231.21,1.23,0.21,0.02,0.34
2022-08-31,002373,9.74,9.71,9.82,9.6,65740,63821028.5,2.26,-0.31,-0.03,0.48
2022-09-01,002373,9.69,9.65,9.85,9.65,46709,45536048.75,2.06,-0.62,-0.06,0.34
2022-09-02,002373,9.69,9.77,9.8,9.65,43842,42682355.8,1.55,1.24,0.12,0.32
2022-09-05,002373,9.73,9.52,9.76,9.5,66662,64066124.54,2.66,-2.56,-0.25,0.49
2022-09-06,002373,9.75,9.67,9.99,9.62,125476,122811046.11,3.89,1.58,0.15,0.91
2022-09-07,002373,9.59,9.55,9.65,9.46,96167,91694596.4,1.96,-1.24,-0.12,0.7
2022-09-08,002373,9.53,9.38,9.54,9.36,72948,68687405.09,1.88,-1.78,-0.17,0.53
2022-09-09,002373,9.39,9.42,9.48,9.34,42672,40233372.0,1.49,0.43,0.04,0.31
2022-09-13,002373,9.44,9.45,9.54,9.42,33256,31479847.21,1.27,0.32,0.03,0.24
2022-09-14,002373,9.29,9.29,9.36,9.22,51555,47859699.56,1.48,-1.69,-0.16,0.38
2022-09-15,002373,9.32,9.16,9.41,9.07,70355,64830000.34,3.66,-1.4,-0.13,0.51
2022-09-16,002373,9.21,8.82,9.26,8.82,83940,75830507.06,4.8,-3.71,-0.34,0.61
2022-09-19,002373,8.92,8.74,8.92,8.6,59755,52158722.85,3.63,-0.91,-0.08,0.44
2022-09-20,002373,8.79,8.73,8.88,8.68,37889,33131226.55,2.29,-0.11,-0.01,0.28
2022-09-21,002373,8.71,8.82,8.85,8.51,50624,44039673.0,3.89,1.03,0.09,0.37
2022-09-22,002373,8.75,8.82,8.94,8.72,46008,40758312.55,2.49,0.0,0.0,0.33
2022-09-23,002373,8.84,8.76,8.85,8.65,44900,39362508.9,2.27,-0.68,-0.06,0.33
2022-09-26,002373,8.68,8.5,8.73,8.45,44827,38586225.72,3.2,-2.97,-0.26,0.33
2022-09-27,002373,8.57,8.73,8.75,8.52,41434,35759201.0,2.71,2.71,0.23,0.3
2022-09-28,002373,8.77,8.5,8.77,8.46,52997,45385965.12,3.55,-2.63,-0.23,0.39
2022-09-29,002373,8.6,8.37,8.61,8.3,49824,41963021.65,3.65,-1.53,-0.13,0.36
2022-09-30,002373,8.36,8.31,8.48,8.31,38346,32155624.92,2.03,-0.72,-0.06,0.28
2022-10-10,002373,8.34,8.12,8.38,8.11,50376,41382474.31,3.25,-2.29,-0.19,0.37
2022-10-11,002373,8.18,8.24,8.26,8.1,41403,33885402.4,1.97,1.48,0.12,0.3
2022-10-12,002373,8.25,8.57,8.59,8.18,62635,52536718.65,4.98,4.0,0.33,0.46
2022-10-13,002373,8.57,8.75,8.83,8.51,68552,59813629.92,3.73,2.1,0.18,0.5
2022-10-14,002373,8.81,8.91,8.95,8.79,66677,59239575.8,1.83,1.83,0.16,0.49
2022-10-17,002373,8.88,9.08,9.09,8.85,61077,55128259.44,2.69,1.91,0.17,0.44
2022-10-18,002373,9.11,9.08,9.15,8.97,62473,56606234.57,1.98,0.0,0.0,0.45
2022-10-19,002373,9.09,9.03,9.1,8.94,47919,43236788.47,1.76,-0.55,-0.05,0.35
2022-10-20,002373,9.08,9.08,9.21,8.96,65184,59405946.07,2.77,0.55,0.05,0.47
2022-10-21,002373,9.13,9.09,9.14,8.99,50381,45687209.43,1.65,0.11,0.01,0.37
2022-10-24,002373,9.11,8.92,9.29,8.85,73275,66363339.63,4.84,-1.87,-0.17,0.53
2022-10-25,002373,8.85,8.87,9.0,8.74,62288,55290770.46,2.91,-0.56,-0.05,0.45
2022-10-26,002373,8.87,9.13,9.2,8.85,70193,63861404.36,3.95,2.93,0.26,0.51
2022-10-27,002373,9.03,9.0,9.17,8.97,89211,80773135.79,2.19,-1.42,-0.13,0.65
2022-10-28,002373,8.9,8.72,9.07,8.68,73618,65120528.35,4.33,-3.11,-0.28,0.54
2022-10-31,002373,8.73,8.94,9.05,8.7,87803,78377684.51,4.01,2.52,0.22,0.64
2022-11-01,002373,8.98,9.17,9.17,8.94,89187,81044871.61,2.57,2.57,0.23,0.65
2022-11-02,002373,9.19,9.28,9.32,9.1,100887,93096370.0,2.4,1.2,0.11,0.73
2022-11-03,002373,9.27,9.16,9.33,9.1,74754,68725992.96,2.48,-1.29,-0.12,0.54
2022-11-04,002373,9.15,9.2,9.25,9.1,67596,62184904.08,1.64,0.44,0.04,0.49
2022-11-07,002373,9.16,9.17,9.32,9.12,65270,59976964.2,2.17,-0.33,-0.03,0.48
2022-11-08,002373,9.23,9.24,9.25,9.06,74398,68193740.49,2.07,0.76,0.07,0.54
2022-11-09,002373,9.2,9.17,9.26,9.1,53074,48766350.38,1.73,-0.76,-0.07,0.39
2022-11-10,002373,9.14,9.22,9.29,9.07,104559,96126662.17,2.4,0.55,0.05,0.76
2022-11-11,002373,9.41,9.3,9.45,9.22,147039,137133749.18,2.49,0.87,0.08,1.07
2022-11-14,002373,9.28,9.26,9.36,9.18,109325,101197347.89,1.94,-0.43,-0.04,0.8
2022-11-15,002373,9.28,9.4,9.5,9.25,126256,118558640.0,2.7,1.51,0.14,0.92
2022-11-16,002373,9.43,9.47,9.56,9.36,130852,124155715.63,2.13,0.74,0.07,0.95
2022-11-17,002373,9.49,9.6,9.62,9.42,97020,92377858.67,2.11,1.37,0.13,0.71
2022-11-18,002373,9.62,9.59,9.76,9.55,145400,140467159.78,2.19,-0.1,-0.01,1.06
2022-11-21,002373,9.5,9.48,9.58,9.36,104977,99086740.93,2.29,-1.15,-0.11,0.76
2022-11-22,002373,9.47,9.31,9.5,9.28,65300,61165558.52,2.32,-1.79,-0.17,0.48
2022-11-23,002373,9.3,9.2,9.38,9.1,68435,62967555.58,3.01,-1.18,-0.11,0.5
2022-11-24,002373,9.21,9.1,9.31,9.1,56753,52013652.81,2.28,-1.09,-0.1,0.41
2022-11-25,002373,9.1,9.04,9.17,9.02,39316,35655068.6,1.65,-0.66,-0.06,0.29
2022-11-28,002373,8.97,8.88,8.99,8.83,66857,59409702.82,1.77,-1.77,-0.16,0.49
2022-11-29,002373,8.9,9.08,9.11,8.86,58523,52846577.37,2.82,2.25,0.2,0.43
2022-11-30,002373,9.16,8.99,9.17,8.97,64848,58651700.0,2.2,-0.99,-0.09,0.47
2022-12-01,002373,9.09,9.17,9.2,9.06,63532,58099120.4,1.56,2.0,0.18,0.46
2022-12-02,002373,9.13,9.28,9.35,9.13,83921,77866664.25,2.4,1.2,0.11,0.61
2022-12-05,002373,9.33,9.43,9.48,9.33,93851,88414964.24,1.62,1.62,0.15,0.68
2022-12-06,002373,9.44,9.36,9.47,9.32,59029,55489644.58,1.59,-0.74,-0.07,0.43
2022-12-07,002373,9.31,9.3,9.39,9.28,50097,46732826.45,1.18,-0.64,-0.06,0.36
2022-12-08,002373,9.31,9.3,9.41,9.2,60984,56692876.93,2.26,0.0,0.0,0.44
2022-12-09,002373,9.3,9.21,9.33,9.17,60964,56222419.56,1.72,-0.97,-0.09,0.44
2022-12-12,002373,9.23,9.37,9.38,9.16,70343,65372923.12,2.39,1.74,0.16,0.51
2022-12-13,002373,9.33,9.12,9.35,9.1,61190,56266373.86,2.67,-2.67,-0.25,0.45
2022-12-14,002373,9.12,9.1,9.21,9.09,39952,36511351.61,1.32,-0.22,-0.02,0.29
2022-12-15,002373,9.1,9.21,9.28,9.06,51315,47330954.61,2.42,1.21,0.11,0.37
2022-12-16,002373,9.16,9.09,9.21,9.04,49284,44766495.7,1.85,-1.3,-0.12,0.36
2022-12-19,002373,9.08,8.91,9.14,8.85,58049,52014129.0,3.19,-1.98,-0.18,0.42
2022-12-20,002373,8.9,8.77,8.96,8.75,49270,43471664.0,2.36,-1.57,-0.14,0.36
2022-12-21,002373,8.77,8.63,8.85,8.57,53763,46589195.0,3.19,-1.6,-0.14,0.39
2022-12-22,002373,8.67,8.63,8.83,8.6,53818,46927046.85,2.67,0.0,0.0,0.39
2022-12-23,002373,8.6,8.76,8.86,8.59,40887,35779212.0,3.13,1.51,0.13,0.3
2022-12-26,002373,8.83,9.0,9.15,8.77,65605,58818941.92,4.34,2.74,0.24,0.48
2022-12-27,002373,9.04,8.92,9.07,8.88,38322,34276476.94,2.11,-0.89,-0.08,0.28
2022-12-28,002373,8.91,8.74,8.91,8.72,34081,29954037.88,2.13,-2.02,-0.18,0.25
2022-12-29,002373,8.73,8.8,8.93,8.71,40766,35990381.02,2.52,0.69,0.06,0.3
2022-12-30,002373,8.91,8.92,8.99,8.77,50319,44681603.54,2.5,1.36,0.12,0.37
2023-01-03,002373,8.94,9.35,9.38,8.92,134471,124621084.56,5.16,4.82,0.43,0.98
2023-01-04,002373,9.36,9.7,9.8,9.35,206792,199191086.36,4.81,3.74,0.35,1.51
2023-01-05,002373,9.76,9.97,10.05,9.71,230157,229008669.64,3.51,2.78,0.27,1.68
2023-01-06,002373,9.95,9.92,10.07,9.84,144550,143785054.69,2.31,-0.5,-0.05,1.05
2023-01-09,002373,10.05,9.93,10.24,9.9,159339,160374481.0,3.43,0.1,0.01,1.16
2023-01-10,002373,9.92,9.78,9.95,9.75,114116,112236437.83,2.01,-1.51,-0.15,0.83
2023-01-11,002373,9.82,9.62,9.85,9.61,82563,80093230.6,2.45,-1.64,-0.16,0.6
2023-01-12,002373,9.69,9.74,9.88,9.55,97849,95019785.0,3.43,1.25,0.12,0.71
2023-01-13,002373,9.73,9.79,9.79,9.68,61592,59953065.04,1.13,0.51,0.05,0.45
2023-01-16,002373,9.77,9.91,10.08,9.75,108840,108193837.53,3.37,1.23,0.12,0.79
2023-01-17,002373,9.91,9.92,9.98,9.85,51741,51224885.0,1.31,0.1,0.01,0.38
2023-01-18,002373,9.91,9.96,10.02,9.82,67273,66933667.03,2.02,0.4,0.04,0.49
2023-01-19,002373,9.95,10.11,10.13,9.93,87997,88648423.86,2.01,1.51,0.15,0.64
2023-01-20,002373,10.11,10.09,10.15,10.01,89893,90688954.15,1.38,-0.2,-0.02,0.65
2023-01-30,002373,10.2,10.16,10.33,10.16,129955,133245221.41,1.68,0.69,0.07,0.95
2023-01-31,002373,9.93,10.1,10.22,9.9,130830,132279919.22,3.15,-0.59,-0.06,0.95
2023-02-01,002373,10.1,10.53,10.57,10.06,183311,190498006.94,5.05,4.26,0.43,1.33
2023-02-02,002373,10.55,10.54,10.9,10.47,202382,216136021.69,4.08,0.09,0.01,1.47
2023-02-03,002373,10.58,10.68,10.69,10.42,115823,122386844.49,2.56,1.33,0.14,0.84
2023-02-06,002373,10.81,10.74,10.97,10.62,176580,190185642.46,3.28,0.56,0.06,1.29
2023-02-07,002373,10.66,10.8,10.87,10.53,156513,167859795.37,3.17,0.56,0.06,1.14
2023-02-08,002373,10.78,10.55,10.8,10.52,111565,118558267.14,2.59,-2.31,-0.25,0.81
2023-02-09,002373,10.5,10.79,10.91,10.44,126340,135260483.78,4.45,2.27,0.24,0.92
2023-02-10,002373,10.75,10.66,10.85,10.55,85646,91470680.4,2.78,-1.2,-0.13,0.62
2023-02-13,002373,10.63,10.63,10.73,10.54,105069,111567454.5,1.78,-0.28,-0.03,0.76
2023-02-14,002373,10.75,10.78,10.82,10.64,119698,128533494.29,1.69,1.41,0.15,0.87
2023-02-15,002373,10.8,11.5,11.58,10.72,405538,456239357.8,7.98,6.68,0.72,2.95
2023-02-16,002373,11.5,11.75,12.23,11.42,469799,556055732.34,7.04,2.17,0.25,3.42
2023-02-17,002373,11.75,11.11,11.8,11.04,335216,379173149.43,6.47,-5.45,-0.64,2.44
2023-02-20,002373,11.14,11.38,11.44,11.04,179976,203118704.56,3.6,2.43,0.27,1.31
2023-02-21,002373,11.34,11.47,11.63,11.28,178049,203927862.81,3.08,0.79,0.09,1.3
2023-02-22,002373,11.4,11.28,11.45,11.05,176891,198554792.38,3.49,-1.66,-0.19,1.29
2023-02-23,002373,11.25,11.08,11.32,11.01,148182,165033886.03,2.75,-1.77,-0.2,1.08
2023-02-24,002373,11.15,11.2,11.4,11.1,128031,143773035.58,2.71,1.08,0.12,0.93
2023-02-27,002373,11.09,11.09,11.29,11.02,109541,122183282.42,2.41,-0.98,-0.11,0.8
2023-02-28,002373,11.3,11.2,11.47,11.02,158300,177512075.15,4.06,0.99,0.11,1.15
2023-03-01,002373,11.28,11.67,11.73,11.2,243168,280642050.03,4.73,4.2,0.47,1.77
2023-03-02,002373,11.65,11.53,11.66,11.5,130783,151208649.13,1.37,-1.2,-0.14,0.95
2023-03-03,002373,11.49,11.35,11.52,11.18,133238,151186064.7,2.95,-1.56,-0.18,0.97
2023-03-06,002373,11.38,11.22,11.43,11.16,97980,110488702.4,2.38,-1.15,-0.13,0.71
2023-03-07,002373,11.25,10.78,11.28,10.76,197427,216374608.83,4.63,-3.92,-0.44,1.44
2023-03-08,002373,10.87,11.03,11.1,10.77,118969,130542203.68,3.06,2.32,0.25,0.87
2023-03-09,002373,11.02,10.98,11.1,10.85,96201,105307630.42,2.27,-0.45,-0.05,0.7
2023-03-10,002373,10.9,10.96,11.1,10.84,94200,103526183.58,2.37,-0.18,-0.02,0.69
2023-03-13,002373,10.88,12.06,12.06,10.78,469813,549976191.8,11.68,10.04,1.1,3.42
2023-03-14,002373,12.07,12.23,12.38,11.87,572976,693539079.58,4.23,1.41,0.17,4.17
2023-03-15,002373,12.1,12.34,12.42,12.08,385905,474206957.71,2.78,0.9,0.11,2.81
2023-03-16,002373,12.22,12.11,12.27,11.91,221485,267892988.88,2.92,-1.86,-0.23,1.61
2023-03-17,002373,12.2,12.33,12.47,12.13,269129,331124836.66,2.81,1.82,0.22,1.96
2023-03-20,002373,12.4,12.07,12.55,12.05,225186,276218324.6,4.06,-2.11,-0.26,1.64
2023-03-21,002373,12.28,12.38,12.88,12.22,380049,478391266.52,5.47,2.57,0.31,2.77
2023-03-22,002373,12.44,13.0,13.0,12.24,403743,514283947.19,6.14,5.01,0.62,2.94
2023-03-23,002373,12.96,13.47,13.79,12.82,572400,763602043.89,7.46,3.62,0.47,4.17
2023-03-24,002373,13.43,13.65,13.87,13.37,461308,629181018.44,3.71,1.34,0.18,3.36
2023-03-27,002373,13.57,14.62,15.02,13.31,840015,1179806969.88,12.53,7.11,0.97,6.12
2023-03-28,002373,14.28,13.67,14.28,13.59,585550,810612125.11,4.72,-6.5,-0.95,4.26
2023-03-29,002373,14.1,13.95,14.63,13.53,458986,641617042.97,8.05,2.05,0.28,3.34
2023-03-30,002373,13.7,13.11,13.9,13.01,419410,558378776.59,6.38,-6.02,-0.84,3.05
2023-03-31,002373,13.12,13.45,13.55,12.92,267706,355419138.75,4.81,2.59,0.34,1.95
2023-04-03,002373,13.37,13.71,13.79,13.12,365165,492450258.82,4.98,1.93,0.26,2.66
2023-04-04,002373,13.83,14.08,14.53,13.73,508236,714320637.06,5.84,2.7,0.37,3.7
2023-04-06,002373,13.6,14.0,14.29,13.5,246037,343631182.44,5.61,-0.57,-0.08,1.79
2023-04-07,002373,14.0,14.65,14.77,13.71,430293,617540162.41,7.57,4.64,0.65,3.13
2023-04-10,002373,16.05,14.42,16.07,14.23,691270,1060953541.53,12.56,-1.57,-0.23,5.03
2023-04-11,002373,14.29,13.67,14.4,13.5,590581,818868013.91,6.24,-5.2,-0.75,4.3
2023-04-12,002373,13.64,14.8,15.0,13.59,601271,859736146.76,10.31,8.27,1.13,4.38
2023-04-13,002373,14.52,14.62,15.16,14.13,701526,1031891078.62,6.96,-1.22,-0.18,5.11
2023-04-14,002373,14.61,15.01,15.56,14.43,680758,1024408024.06,7.73,2.67,0.39,4.96
2023-04-17,002373,15.01,14.39,15.1,14.09,440662,635939570.79,6.73,-4.13,-0.62,3.21
2023-04-18,002373,14.22,14.58,14.68,13.93,305981,439953358.7,5.21,1.32,0.19,2.23
2023-04-19,002373,14.5,15.0,15.08,14.35,391460,580767674.35,5.01,2.88,0.42,2.85
2023-04-20,002373,14.65,15.35,15.47,14.22,579352,867417546.87,8.33,2.33,0.35,4.22
2023-04-21,002373,15.44,15.0,16.18,14.98,689088,1077208786.3,7.82,-2.28,-0.35,5.02
2023-04-24,002373,15.01,14.94,15.5,14.66,384589,579029183.89,5.6,-0.4,-0.06,2.8
2023-04-25,002373,14.88,13.82,14.98,13.8,605873,861102831.03,7.9,-7.5,-1.12,4.41
2023-04-26,002373,13.54,13.21,13.95,12.6,685864,906396054.63,9.77,-4.41,-0.61,4.99
2023-04-27,002373,13.11,13.48,13.59,13.02,313670,419491428.59,4.31,2.04,0.27,2.28
2023-04-28,002373,13.48,14.54,14.65,13.26,410195,574694268.65,10.31,7.86,1.06,2.99
2023-05-04,002373,14.3,13.81,14.63,13.57,389325,542617628.8,7.29,-5.02,-0.73,2.83
2023-05-05,002373,13.82,14.43,14.82,13.7,411170,591626378.35,8.11,4.49,0.62,2.99
2023-05-08,002373,14.46,14.36,14.69,14.21,273445,394811172.28,3.33,-0.49,-0.07,1.99
2023-05-09,002373,14.2,13.84,14.57,13.7,411351,578471417.93,6.06,-3.62,-0.52,2.99
2023-05-10,002373,13.66,13.47,13.93,13.25,385429,521127339.64,4.91,-2.67,-0.37,2.81
2023-05-11,002373,13.59,12.96,13.96,12.9,412791,544805565.5,7.87,-3.79,-0.51,3.01
2023-05-12,002373,12.98,12.72,13.02,12.4,373161,474335342.07,4.78,-1.85,-0.24,2.72
2023-05-15,002373,12.8,12.35,12.81,11.99,263284,322866713.8,6.45,-2.91,-0.37,1.92
2023-05-16,002373,12.29,11.69,12.33,11.64,388325,458598621.32,5.59,-5.34,-0.66,2.83
2023-05-17,002373,11.74,11.74,11.97,11.66,160314,189123081.34,2.65,0.43,0.05,1.17
2023-05-18,002373,11.79,12.32,12.35,11.79,265610,322103215.66,4.77,4.94,0.58,1.93
2023-05-19,002373,12.29,12.2,12.4,12.11,141019,172038956.36,2.35,-0.97,-0.12,1.03
2023-05-22,002373,12.13,12.12,12.25,11.87,143670,173010419.62,3.11,-0.66,-0.08,1.05
2023-05-23,002373,12.13,11.9,12.16,11.9,94825,113621480.02,2.15,-1.82,-0.22,0.69
2023-05-24,002373,11.76,11.85,11.98,11.73,140869,166856699.8,2.1,-0.42,-0.05,1.03
2023-05-25,002373,11.88,11.68,11.97,11.49,200986,234254574.78,4.05,-1.43,-0.17,1.46
2023-05-26,002373,11.75,12.31,12.36,11.67,223198,269324379.09,5.91,5.39,0.63,1.63
2023-05-29,002373,12.5,12.54,12.75,12.26,320884,401047630.88,3.98,1.87,0.23,2.34
2023-05-30,002373,12.44,13.14,13.18,12.29,363056,466910333.05,7.1,4.78,0.6,2.64
2023-05-31,002373,13.1,13.39,13.43,13.01,269376,357327616.41,3.2,1.9,0.25,1.96
2023-06-01,002373,13.23,13.56,13.85,13.17,241195,326621601.42,5.08,1.27,0.17,1.76
2023-06-02,002373,13.56,13.45,13.62,13.38,173431,234088087.76,1.77,-0.81,-0.11,1.26
2023-06-05,002373,13.46,13.8,13.85,13.45,206780,283346159.18,2.97,2.6,0.35,1.51
2023-06-06,002373,13.8,13.36,13.86,13.26,197206,267568773.64,4.35,-3.19,-0.44,1.44
2023-06-07,002373,13.32,13.69,13.92,13.3,179504,245708479.88,4.64,2.47,0.33,1.31
2023-06-08,002373,13.65,13.41,13.75,13.18,143783,192432847.31,4.16,-2.05,-0.28,1.05
2023-06-09,002373,13.43,13.68,13.87,13.3,188018,256327403.43,4.25,2.01,0.27,1.37
2023-06-12,002373,13.68,14.06,14.36,13.65,324496,455599374.63,5.19,2.78,0.38,2.36
2023-06-13,002373,13.89,14.25,14.41,13.7,265814,376349547.47,5.05,1.35,0.19,1.94
2023-06-14,002373,14.21,14.17,14.3,14.02,149676,212137593.53,1.96,-0.56,-0.08,1.09
2023-06-15,002373,14.14,13.86,14.26,13.77,177639,247843616.5,3.46,-2.19,-0.31,1.29
2023-06-16,002373,13.83,14.06,14.2,13.67,186574,261739384.54,3.82,1.44,0.2,1.36
2023-06-19,002373,14.08,14.3,14.5,14.06,231370,331877994.04,3.13,1.71,0.24,1.68
2023-06-20,002373,14.21,14.26,14.37,14.1,133470,190176151.08,1.89,-0.28,-0.04,0.97
2023-06-21,002373,14.18,13.95,14.26,13.85,150671,211519788.18,2.88,-2.17,-0.31,1.1
2023-06-26,002373,13.85,13.02,13.91,12.97,286841,380943098.55,6.74,-6.67,-0.93,2.09
2023-06-27,002373,13.1,13.3,13.49,12.94,179301,238474986.88,4.22,2.15,0.28,1.31
2023-06-28,002373,13.3,12.94,13.4,12.66,204023,262109710.7,5.56,-2.71,-0.36,1.49
2023-06-29,002373,12.85,13.22,13.3,12.84,146206,192037873.15,3.55,2.16,0.28,1.06
2023-06-30,002373,13.16,13.64,13.86,13.05,158064,213314727.0,6.13,3.18,0.42,1.15
2023-07-03,002373,13.64,13.33,13.79,13.13,128433,171374324.48,4.84,-2.27,-0.31,0.94
2023-07-04,002373,13.31,14.28,14.45,13.19,315612,441549845.37,9.45,7.13,0.95,2.3
2023-07-05,002373,14.31,14.03,14.59,14.01,308206,441565702.44,4.06,-1.75,-0.25,2.24
2023-07-06,002373,14.21,13.97,14.55,13.91,207647,294766014.56,4.56,-0.43,-0.06,1.51
2023-07-07,002373,13.9,13.54,13.94,13.18,182836,246526106.41,5.44,-3.08,-0.43,1.33
2023-07-10,002373,13.78,14.05,14.48,13.45,373797,521292174.14,7.61,3.77,0.51,2.72
2023-07-11,002373,14.02,13.86,14.05,13.55,310633,429710271.59,3.56,-1.35,-0.19,2.26
2023-07-12,002373,13.86,13.43,14.14,13.43,276817,381534876.18,5.12,-3.1,-0.43,2.02
2023-07-13,002373,13.44,13.45,13.61,13.02,235369,313256940.56,4.39,0.15,0.02,1.71
2023-07-14,002373,13.43,13.48,13.76,13.33,150512,204240305.27,3.2,0.22,0.03,1.1
2023-07-17,002373,13.7,13.98,14.35,13.62,380786,535844535.43,5.42,3.71,0.5,2.77
2023-07-18,002373,14.08,13.28,14.1,13.22,304385,412415185.6,6.29,-5.01,-0.7,2.22
2023-07-19,002373,13.31,13.31,13.48,13.21,131664,175576085.16,2.03,0.23,0.03,0.96
2023-07-20,002373,13.27,12.93,13.33,12.9,149600,195256295.46,3.23,-2.85,-0.38,1.09
2023-07-21,002373,12.89,12.71,12.93,12.7,98413,125928135.48,1.78,-1.7,-0.22,0.72
2023-07-24,002373,12.78,12.95,13.33,12.72,131951,171997885.47,4.8,1.89,0.24,0.96
2023-07-25,002373,13.16,13.23,13.32,12.98,118219,155733610.24,2.63,2.16,0.28,0.86
2023-07-26,002373,13.15,12.92,13.21,12.85,106014,137954937.46,2.72,-2.34,-0.31,0.77
2023-07-27,002373,13.21,12.8,13.26,12.75,103413,134164116.53,3.95,-0.93,-0.12,0.75
2023-07-28,002373,12.75,12.92,12.99,12.55,98812,126558600.43,3.44,0.94,0.12,0.72
2023-07-31,002373,12.87,13.05,13.18,12.8,109203,142558219.0,2.94,1.01,0.13,0.8
2023-08-01,002373,13.01,12.83,13.08,12.78,138011,177383200.74,2.3,-1.69,-0.22,1.0
2023-08-02,002373,12.75,12.91,13.02,12.72,107456,138542797.8,2.34,0.62,0.08,0.78
2023-08-03,002373,12.87,12.81,13.05,12.76,99671,128072234.88,2.25,-0.77,-0.1,0.73
2023-08-04,002373,12.85,13.3,13.34,12.85,243639,321613075.77,3.83,3.83,0.49,1.77
2023-08-07,002373,13.3,13.23,13.36,13.16,104608,138454735.92,1.5,-0.53,-0.07,0.76
2023-08-08,002373,13.28,13.16,13.34,13.11,86839,114658613.0,1.74,-0.53,-0.07,0.63
2023-08-09,002373,13.13,12.9,13.28,12.84,99534,129690768.0,3.34,-1.98,-0.26,0.72
2023-08-10,002373,12.89,12.86,13.03,12.76,111732,143890717.96,2.09,-0.31,-0.04,0.81
2023-08-11,002373,12.84,12.65,13.05,12.62,106433,136494172.58,3.34,-1.63,-0.21,0.77
2023-08-14,002373,12.56,12.85,12.85,12.46,87154,110036802.74,3.08,1.58,0.2,0.63
2023-08-15,002373,12.84,12.63,12.93,12.53,78049,99284061.89,3.11,-1.71,-0.22,0.57
2023-08-16,002373,12.57,12.34,12.67,12.29,105587,131267315.66,3.01,-2.3,-0.29,0.77
2023-08-17,002373,12.29,12.66,12.74,12.2,112428,141256567.12,4.38,2.59,0.32,0.82
2023-08-18,002373,12.59,12.27,12.79,12.25,85321,106593064.0,4.27,-3.08,-0.39,0.62
2023-08-21,002373,12.21,12.28,12.64,12.2,89836,111565200.16,3.59,0.08,0.01,0.65
2023-08-22,002373,12.37,12.61,12.65,12.21,120468,149735210.03,3.58,2.69,0.33,0.88
2023-08-23,002373,12.52,12.18,12.69,12.13,179039,219390295.9,4.44,-3.41,-0.43,1.3
2023-08-24,002373,12.29,12.1,12.33,12.09,113282,138220383.22,1.97,-0.66,-0.08,0.82
2023-08-25,002373,12.01,11.76,12.06,11.67,119419,141097600.14,3.22,-2.81,-0.34,0.87
2023-08-28,002373,12.33,11.9,12.42,11.87,124777,151487694.04,4.68,1.19,0.14,0.91
2023-08-29,002373,11.85,12.51,12.6,11.85,165705,204562231.1,6.3,5.13,0.61,1.21
2023-08-30,002373,12.51,12.81,12.95,12.49,137850,176228905.34,3.68,2.4,0.3,1.0
2023-08-31,002373,12.72,12.73,12.87,12.65,77905,99311118.0,1.72,-0.62,-0.08,0.57
2023-09-01,002373,12.71,12.48,12.82,12.44,79697,100259700.67,2.99,-1.96,-0.25,0.58
2023-09-04,002373,12.55,12.64,12.65,12.44,81465,102357434.08,1.68,1.28,0.16,0.59
2023-09-05,002373,12.62,12.51,12.7,12.48,72628,91317429.0,1.74,-1.03,-0.13,0.53
2023-09-06,002373,12.5,12.65,12.72,12.34,91168,114618321.0,3.04,1.12,0.14,0.66
2023-09-07,002373,12.55,12.46,12.68,12.43,69599,87196389.48,1.98,-1.5,-0.19,0.51
2023-09-08,002373,12.37,12.43,12.59,12.31,56201,69923024.87,2.25,-0.24,-0.03,0.41
2023-09-11,002373,12.52,12.82,12.93,12.43,130023,165150945.16,4.02,3.14,0.39,0.95
2023-09-12,002373,13.0,12.85,13.05,12.73,101590,130851702.54,2.5,0.23,0.03,0.74
2023-09-13,002373,12.8,12.29,12.84,12.2,135125,167635870.0,4.98,-4.36,-0.56,0.98
2023-09-14,002373,12.27,12.1,12.34,11.97,103499,125597081.64,3.01,-1.55,-0.19,0.75
2023-09-15,002373,12.11,12.03,12.16,11.95,77997,93744923.09,1.74,-0.58,-0.07,0.57
2023-09-18,002373,11.96,12.13,12.26,11.91,85923,104264048.07,2.91,0.83,0.1,0.63
2023-09-19,002373,12.11,11.8,12.11,11.74,89316,105744515.58,3.05,-2.72,-0.33,0.65
2023-09-20,002373,11.8,11.71,11.94,11.68,69829,82322179.43,2.2,-0.76,-0.09,0.51
2023-09-21,002373,11.73,11.71,11.85,11.63,59963,70433839.58,1.88,0.0,0.0,0.44
2023-09-22,002373,11.7,12.02,12.03,11.65,96079,114435553.0,3.25,2.65,0.31,0.7
2023-09-25,002373,12.02,11.82,12.02,11.75,102361,121176353.72,2.25,-1.66,-0.2,0.75
2023-09-26,002373,11.82,11.9,12.13,11.79,92260,110576691.06,2.88,0.68,0.08,0.67
2023-09-27,002373,11.88,11.8,11.95,11.8,72858,86462723.08,1.26,-0.84,-0.1,0.53
2023-09-28,002373,11.84,11.94,11.99,11.81,63231,75356183.0,1.53,1.19,0.14,0.46
2023-10-09,002373,11.93,12.03,12.08,11.88,98767,118483031.22,1.68,0.75,0.09,0.72
2023-10-10,002373,12.01,12.3,12.52,11.92,209259,256350847.56,4.99,2.24,0.27,1.52
2023-10-11,002373,12.13,12.32,12.47,11.98,222274,272796101.6,3.98,0.16,0.02,1.62
2023-10-12,002373,12.32,12.18,12.36,12.12,122244,149078509.14,1.95,-1.14,-0.14,0.89
2023-10-13,002373,12.12,11.94,12.18,11.89,98739,118483215.0,2.38,-1.97,-0.24,0.72
2023-10-16,002373,11.88,11.74,11.98,11.62,126959,148900833.17,3.02,-1.68,-0.2,0.92
2023-10-17,002373,11.74,11.74,11.84,11.58,70646,82860032.1,2.21,0.0,0.0,0.51
2023-10-18,002373,11.69,11.63,11.71,11.43,92551,107034809.33,2.39,-0.94,-0.11,0.67
2023-10-19,002373,11.55,11.4,11.78,11.4,96206,111202966.45,3.27,-1.98,-0.23,0.7
2023-10-20,002373,11.38,11.13,11.53,11.08,103199,115710849.01,3.95,-2.37,-0.27,0.75
2023-10-23,002373,11.12,10.71,11.13,10.66,109082,118679359.23,4.22,-3.77,-0.42,0.79
2023-10-24,002373,10.79,10.77,10.96,10.7,84140,90907867.8,2.43,0.56,0.06,0.61
2023-10-25,002373,10.86,10.97,11.21,10.83,109964,120995154.28,3.53,1.86,0.2,0.8
2023-10-26,002373,11.01,11.21,11.23,10.91,127749,142121743.0,2.92,2.19,0.24,0.93
2023-10-27,002373,11.22,11.51,11.8,11.17,195224,224637483.9,5.62,2.68,0.3,1.42
2023-10-30,002373,11.5,11.85,11.92,11.44,182611,213872238.96,4.17,2.95,0.34,1.33
2023-10-31,002373,11.86,11.53,11.92,11.51,122132,142082636.8,3.46,-2.7,-0.32,0.89
2023-11-01,002373,11.53,11.51,11.7,11.5,101263,117164419.56,1.73,-0.17,-0.02,0.74
2023-11-02,002373,11.5,11.31,11.59,11.31,118272,135312633.56,2.43,-1.74,-0.2,0.86
2023-11-03,002373,11.39,11.61,11.72,11.35,116346,134593150.55,3.27,2.65,0.3,0.85
2023-11-06,002373,11.69,11.72,11.79,11.62,144459,169249968.96,1.46,0.95,0.11,1.05
2023-11-07,002373,11.72,11.83,11.91,11.66,143679,169041713.72,2.13,0.94,0.11,1.05
2023-11-08,002373,11.95,11.93,12.1,11.81,139132,166466762.52,2.45,0.85,0.1,1.01
2023-11-09,002373,11.97,11.76,12.05,11.68,137714,162878999.09,3.1,-1.42,-0.17,1.0
2023-11-10,002373,11.72,11.63,11.76,11.59,83717,97571875.92,1.45,-1.11,-0.13,0.61
2023-11-13,002373,11.7,11.88,11.94,11.68,121846,144243516.65,2.24,2.15,0.25,0.89
2023-11-14,002373,11.88,12.09,12.09,11.85,109460,131595738.0,2.02,1.77,0.21,0.8
2023-11-15,002373,12.2,12.01,12.23,11.92,116990,140568992.68,2.56,-0.66,-0.08,0.85
2023-11-16,002373,12.0,11.97,12.12,11.87,89960,108244955.96,2.08,-0.33,-0.04,0.65
2023-11-17,002373,11.93,12.1,12.22,11.88,154726,186956862.31,2.84,1.09,0.13,1.13
2023-11-20,002373,12.13,12.41,12.75,12.09,315254,391469371.29,5.45,2.56,0.31,2.3
2023-11-21,002373,12.48,12.12,12.48,12.08,194178,237421558.92,3.22,-2.34,-0.29,1.41
2023-11-22,002373,12.1,11.98,12.29,11.97,118938,144268417.0,2.64,-1.16,-0.14,0.87
2023-11-23,002373,11.99,12.31,12.45,11.81,184036,224881008.77,5.34,2.75,0.33,1.34
2023-11-24,002373,12.37,11.89,12.41,11.85,169368,203030900.24,4.55,-3.41,-0.42,1.23
2023-11-27,002373,11.92,12.12,12.37,11.9,245638,299640944.06,3.95,1.93,0.23,1.79
2023-11-28,002373,12.11,12.13,12.3,11.9,152137,184170510.91,3.3,0.08,0.01,1.11
2023-11-29,002373,12.26,12.08,12.35,12.0,168436,205320067.54,2.89,-0.41,-0.05,1.23
2023-11-30,002373,12.09,12.07,12.25,11.97,173949,210440793.13,2.32,-0.08,-0.01,1.27
2023-12-01,002373,12.05,12.23,12.32,11.8,157188,189835236.1,4.31,1.33,0.16,1.14
2023-12-04,002373,12.24,12.09,12.32,12.07,129941,158396280.45,2.04,-1.14,-0.14,0.95
2023-12-05,002373,12.1,11.76,12.12,11.75,139916,165694395.5,3.06,-2.73,-0.33,1.02
2023-12-06,002373,11.7,11.79,11.91,11.6,107802,126472772.8,2.64,0.26,0.03,0.78
2023-12-07,002373,11.78,12.08,12.15,11.68,160299,192116949.73,3.99,2.46,0.29,1.17
2023-12-08,002373,12.07,12.11,12.2,11.97,149664,181134598.81,1.9,0.25,0.03,1.09
2023-12-11,002373,12.02,12.32,12.34,11.88,156970,190923716.68,3.8,1.73,0.21,1.14
2023-12-12,002373,12.32,12.38,12.43,12.28,121294,149953004.72,1.22,0.49,0.06,0.88
2023-12-13,002373,12.43,12.23,12.5,12.22,96999,119811988.76,2.26,-1.21,-0.15,0.71
2023-12-14,002373,12.3,12.16,12.42,12.14,90574,111056244.62,2.29,-0.57,-0.07,0.66
2023-12-15,002373,12.19,11.97,12.24,11.91,86283,104097740.04,2.71,-1.56,-0.19,0.63
2023-12-18,002373,11.93,11.79,12.05,11.75,74224,88113048.04,2.51,-1.5,-0.18,0.54
2023-12-19,002373,11.76,11.72,11.83,11.61,80414,94038548.0,1.87,-0.59,-0.07,0.59
2023-12-20,002373,11.72,11.49,11.79,11.48,86195,100182086.06,2.65,-1.96,-0.23,0.63
2023-12-21,002373,11.41,11.5,11.61,11.25,83758,95646905.0,3.13,0.09,0.01,0.61
2023-12-22,002373,11.47,11.2,11.48,11.15,109652,123461657.28,2.87,-2.61,-0.3,0.8
2023-12-25,002373,11.17,10.98,11.28,10.93,137734,152330694.19,3.13,-1.96,-0.22,1.0
2023-12-26,002373,11.08,10.75,11.1,10.72,73191,79335462.58,3.46,-2.09,-0.23,0.53
2023-12-27,002373,10.8,10.84,10.93,10.76,63745,69156844.0,1.58,0.84,0.09,0.46
2023-12-28,002373,10.82,10.99,11.05,10.7,105821,115624402.48,3.23,1.38,0.15,0.77
2023-12-29,002373,10.97,11.21,11.24,10.95,94499,105011452.37,2.64,2.0,0.22,0.69
2024-01-02,002373,11.24,11.12,11.29,11.12,87933,98460407.52,1.52,-0.8,-0.09,0.64
2024-01-03,002373,11.08,11.11,11.2,11.01,69066,76655779.01,1.71,-0.09,-0.01,0.5
2024-01-04,002373,11.11,10.98,11.11,10.93,67447,74339338.85,1.62,-1.17,-0.13,0.49
2024-01-05,002373,10.99,10.8,11.03,10.74,63830,69524101.91,2.64,-1.64,-0.18,0.46
2024-01-08,002373,10.76,10.42,10.76,10.42,94264,99406030.66,3.15,-3.52,-0.38,0.69
2024-01-09,002373,10.48,10.26,10.53,10.17,99445,102593002.83,3.45,-1.54,-0.16,0.72
2024-01-10,002373,10.26,9.99,10.26,9.97,114907,115599106.36,2.83,-2.63,-0.27,0.84
2024-01-11,002373,10.01,10.16,10.26,10.01,139693,141930154.0,2.5,1.7,0.17,1.02
2024-01-12,002373,10.14,9.99,10.14,9.99,88991,89280177.56,1.48,-1.67,-0.17,0.65
2024-01-15,002373,9.97,9.97,10.1,9.89,87075,87123100.69,2.1,-0.2,-0.02,0.63
2024-01-16,002373,9.99,9.9,9.99,9.77,73174,72208309.99,2.21,-0.7,-0.07,0.53
2024-01-17,002373,9.88,9.67,9.94,9.67,112993,111025401.45,2.73,-2.32,-0.23,0.82
2024-01-18,002373,9.64,9.56,9.75,9.31,154462,146106102.43,4.55,-1.14,-0.11,1.12
2024-01-19,002373,9.55,9.41,9.62,9.38,96557,91469868.46,2.51,-1.57,-0.15,0.7
2024-01-22,002373,9.45,8.79,9.45,8.7,157567,142436482.76,7.97,-6.59,-0.62,1.14
2024-01-23,002373,8.78,9.05,9.09,8.7,176906,157473849.42,4.44,2.96,0.26,1.28
2024-01-24,002373,9.5,9.54,9.75,9.05,366946,345167883.49,7.73,5.41,0.49,2.66
2024-01-25,002373,9.52,9.68,9.75,9.4,215637,207781590.6,3.67,1.47,0.14,1.57
2024-01-26,002373,9.68,9.67,9.85,9.64,152679,148749823.83,2.17,-0.1,-0.01,1.11
2024-01-29,002373,9.71,9.47,9.83,9.46,149281,143356272.88,3.83,-2.07,-0.2,1.08
2024-01-30,002373,9.42,9.3,9.59,9.26,131846,124286557.65,3.48,-1.8,-0.17,0.96
2024-01-31,002373,9.22,8.8,9.3,8.8,174873,157265222.05,5.38,-5.38,-0.5,1.27
2024-02-01,002373,8.8,8.69,9.0,8.59,173513,152266402.11,4.66,-1.25,-0.11,1.26
2024-02-02,002373,8.72,8.27,8.85,7.96,208041,174392651.39,10.24,-4.83,-0.42,1.51
2024-02-05,002373,8.25,7.73,8.3,7.48,236635,186186370.63,9.92,-6.53,-0.54,1.72
2024-02-06,002373,7.69,8.49,8.5,7.6,276950,224340127.55,11.64,9.83,0.76,2.01
2024-02-07,002373,8.48,9.34,9.34,8.44,318425,290658319.13,10.6,10.01,0.85,2.31
2024-02-08,002373,9.6,9.59,10.25,9.52,356233,352424935.49,7.82,2.68,0.25,2.59
2024-02-19,002373,9.79,9.73,9.79,9.47,257929,248794339.69,3.34,1.46,0.14,1.87
2024-02-20,002373,9.59,9.68,9.72,9.49,161737,155606366.68,2.36,-0.51,-0.05,1.17
2024-02-21,002373,9.63,9.7,10.0,9.5,186302,182443635.48,5.17,0.21,0.02,1.35
2024-02-22,002373,9.82,9.88,9.95,9.7,162830,160081109.54,2.58,1.86,0.18,1.18
2024-02-23,002373,9.92,10.03,10.06,9.71,185029,182869633.19,3.54,1.52,0.15,1.34
2024-02-26,002373,10.0,9.98,10.15,9.9,194317,194621456.89,2.49,-0.5,-0.05,1.41
2024-02-27,002373,9.88,10.42,10.42,9.83,211261,214697873.89,5.91,4.41,0.44,1.53
2024-02-28,002373,10.43,9.9,10.64,9.89,260468,268447898.85,7.2,-4.99,-0.52,1.89
2024-02-29,002373,9.94,10.41,10.42,9.91,234701,240890970.72,5.15,5.15,0.51,1.7
2024-03-01,002373,10.44,10.65,10.65,10.36,206410,217496904.07,2.79,2.31,0.24,1.5
2024-03-04,002373,10.73,10.49,10.73,10.32,163751,171692159.24,3.85,-1.5,-0.16,1.19
2024-03-05,002373,10.41,10.35,10.53,10.25,162406,168727282.55,2.67,-1.33,-0.14,1.18
2024-03-06,002373,10.28,10.27,10.42,10.14,147392,151401765.87,2.71,-0.77,-0.08,1.07
2024-03-07,002373,10.3,10.03,10.44,10.02,131928,134924527.72,4.09,-2.34,-0.24,0.96
2024-03-08,002373,10.08,10.21,10.24,10.0,97580,98614953.76,2.39,1.79,0.18,0.71
2024-03-11,002373,10.21,10.25,10.26,10.1,117303,119284158.35,1.57,0.39,0.04,0.85
2024-03-12,002373,10.26,10.3,10.36,10.18,134130,137579555.78,1.76,0.49,0.05,0.97
2024-03-13,002373,10.3,10.42,10.55,10.25,146196,151856637.16,2.91,1.17,0.12,1.06
2024-03-14,002373,10.41,10.33,10.5,10.18,143048,147764565.05,3.07,-0.86,-0.09,1.04
2024-03-15,002373,10.28,10.48,10.5,10.2,126440,130582641.7,2.9,1.45,0.15,0.92
2024-03-18,002373,10.5,10.65,10.65,10.41,179236,189238477.69,2.29,1.62,0.17,1.3
2024-03-19,002373,10.66,10.81,11.05,10.53,332636,359856265.9,4.88,1.5,0.16,2.41
2024-03-20,002373,10.82,11.06,11.2,10.77,282122,310115058.9,3.98,2.31,0.25,2.05
2024-03-21,002373,11.03,10.88,11.12,10.82,206050,225333630.17,2.71,-1.63,-0.18,1.5
2024-03-22,002373,10.88,11.03,11.14,10.71,231587,253434552.22,3.95,1.38,0.15,1.68
2024-03-25,002373,11.18,10.62,11.22,10.61,214968,233829296.72,5.53,-3.72,-0.41,1.56
2024-03-26,002373,10.6,10.37,10.73,10.25,162538,169809017.23,4.52,-2.35,-0.25,1.18
2024-03-27,002373,10.36,10.19,11.16,9.95,361735,376313870.01,11.67,-1.74,-0.18,2.63
2024-03-28,002373,10.26,10.64,10.72,10.02,412211,433245405.81,6.87,4.42,0.45,2.99
2024-03-29,002373,10.6,10.53,10.65,10.25,248708,259026978.15,3.76,-1.03,-0.11,1.81
2024-04-01,002373,10.46,10.76,10.78,10.46,251650,267907559.74,3.04,2.18,0.23,1.83
2024-04-02,002373,10.74,10.45,10.74,10.35,187929,196790923.6,3.62,-2.88,-0.31,1.36
2024-04-03,002373,10.38,10.16,10.42,10.09,165805,168981228.0,3.16,-2.78,-0.29,1.2
2024-04-08,002373,10.2,10.06,10.44,9.98,177409,180011481.28,4.53,-0.98,-0.1,1.29
2024-04-09,002373,10.13,9.98,10.17,9.87,147385,146980951.37,2.98,-0.8,-0.08,1.07
2024-04-10,002373,9.96,9.7,10.05,9.6,137315,133651101.56,4.51,-2.81,-0.28,1.0
2024-04-11,002373,9.67,9.87,10.04,9.6,150183,148633377.48,4.54,1.75,0.17,1.09
2024-04-12,002373,9.88,9.8,9.97,9.74,112637,111006296.8,2.33,-0.71,-0.07,0.82
2024-04-15,002373,9.82,9.96,10.1,9.76,172715,171534510.73,3.47,1.63,0.16,1.25
2024-04-16,002373,9.85,9.46,10.11,9.41,208445,201121233.49,7.03,-5.02,-0.5,1.51
2024-04-17,002373,9.53,9.79,9.86,9.53,173062,168487708.42,3.49,3.49,0.33,1.26
2024-04-18,002373,9.75,9.9,10.05,9.7,205830,203999955.68,3.58,1.12,0.11,1.49
2024-04-19,002373,9.9,9.88,9.93,9.71,145531,143122913.75,2.22,-0.2,-0.02,1.06
2024-04-22,002373,9.8,9.81,10.02,9.65,129835,127554131.5,3.74,-0.71,-0.07,0.94
2024-04-23,002373,9.82,9.73,9.97,9.73,107483,105484256.3,2.45,-0.82,-0.08,0.78
2024-04-24,002373,9.73,10.0,10.01,9.63,131592,129784411.0,3.91,2.77,0.27,0.96
2024-04-25,002373,9.65,9.06,9.65,9.0,490683,444628791.53,6.5,-9.4,-0.94,3.56
2024-04-26,002373,9.04,9.51,9.66,9.02,442843,418091438.05,7.06,4.97,0.45,3.21
2024-04-29,002373,9.53,9.98,10.09,9.53,270498,266548992.86,5.89,4.94,0.47,1.96
2024-04-30,002373,10.2,9.81,10.28,9.7,213134,210858403.24,5.81,-1.7,-0.17,1.55
2024-05-06,002373,10.25,10.03,10.42,10.0,302440,307659856.78,4.28,2.24,0.22,2.2
2024-05-07,002373,9.98,9.94,10.08,9.86,187328,186468546.8,2.19,-0.9,-0.09,1.36
2024-05-08,002373,9.94,9.53,9.94,9.52,171312,165458691.38,4.23,-4.12,-0.41,1.24
2024-05-09,002373,9.49,9.52,9.61,9.47,122261,116737568.01,1.47,-0.1,-0.01,0.89
2024-05-10,002373,9.52,9.36,9.57,9.3,113535,106436871.14,2.84,-1.68,-0.16,0.82
2024-05-13,002373,9.3,9.17,9.3,9.11,124896,114822765.0,2.03,-2.03,-0.19,0.91
2024-05-14,002373,9.18,9.22,9.36,9.15,108336,99916791.0,2.29,0.55,0.05,0.79
2024-05-15,002373,9.22,9.08,9.23,9.08,103834,94705910.52,1.63,-1.52,-0.14,0.75
2024-05-16,002373,9.13,9.07,9.18,9.04,109184,99515387.47,1.54,-0.11,-0.01,0.79
2024-05-17,002373,9.08,9.16,9.19,9.03,106371,97018708.11,1.76,0.99,0.09,0.77
2024-05-20,002373,9.14,9.21,9.32,9.06,136153,125370180.6,2.84,0.55,0.05,0.99
2024-05-21,002373,9.21,9.24,9.34,9.17,134325,124353179.35,1.85,0.33,0.03,0.98
2024-05-22,002373,9.2,9.23,9.26,9.12,78308,72051135.0,1.52,-0.11,-0.01,0.57
2024-05-23,002373,9.21,8.95,9.23,8.93,149852,135185331.48,3.25,-3.03,-0.28,1.09
2024-05-24,002373,8.91,8.81,9.02,8.81,96778,86199141.0,2.35,-1.56,-0.14,0.7
2024-05-27,002373,8.87,8.94,8.95,8.73,81945,72320744.34,2.5,1.48,0.13,0.59
2024-05-28,002373,8.95,8.76,8.96,8.73,81666,72133186.1,2.57,-2.01,-0.18,0.59
2024-05-29,002373,8.73,8.63,8.85,8.54,119829,104064218.83,3.54,-1.48,-0.13,0.87
2024-05-30,002373,8.55,8.66,8.72,8.5,93658,80823620.74,2.55,0.35,0.03,0.68
2024-05-31,002373,8.63,8.87,8.95,8.6,99031,87379963.25,4.04,2.42,0.21,0.72
2024-06-03,002373,9.32,9.12,9.43,9.06,466039,430743762.16,4.17,2.82,0.25,3.38
2024-06-04,002373,9.52,9.8,10.02,9.35,696090,675497031.64,7.35,7.46,0.68,5.05
2024-06-05,002373,9.8,9.84,10.22,9.61,627880,624558908.51,6.22,0.41,0.04,4.56
2024-06-06,002373,9.8,9.31,9.83,9.28,426046,406716642.4,5.59,-5.39,-0.53,3.09
2024-06-07,002373,9.46,9.13,9.48,9.01,269519,247814883.55,5.05,-1.93,-0.18,1.96
2024-06-11,002373,9.0,9.11,9.33,8.75,276192,250900639.36,6.35,-0.22,-0.02,2.0
2024-06-12,002373,9.05,9.19,9.45,8.97,348941,321647521.19,5.27,0.88,0.08,2.53
2024-06-13,002373,9.14,8.81,9.2,8.65,497320,442681291.64,5.98,-4.13,-0.38,3.61
2024-06-14,002373,8.77,8.98,9.15,8.65,394595,350274397.97,5.68,1.93,0.17,2.86
2024-06-17,002373,9.3,9.26,9.6,9.18,644273,603671684.67,4.68,3.12,0.28,4.68
2024-06-18,002373,9.24,10.01,10.19,9.02,1228456,1207646794.99,12.63,8.1,0.75,8.92
2024-06-19,002373,10.18,10.66,11.0,9.99,1439754,1504094890.99,10.09,6.49,0.65,10.45
2024-06-20,002373,10.5,10.13,10.83,10.1,1127072,1175393301.84,6.85,-4.97,-0.53,8.18
2024-06-21,002373,10.13,10.03,10.43,9.93,777726,790168893.34,4.94,-0.99,-0.1,5.65
2024-06-24,002373,10.0,9.56,10.13,9.52,619585,604956927.14,6.08,-4.69,-0.47,4.5
2024-06-25,002373,9.65,9.17,9.79,9.1,611277,574593247.56,7.22,-4.08,-0.39,4.44
2024-06-26,002373,9.22,9.52,9.58,8.99,562106,521516592.38,6.43,3.82,0.35,4.08
2024-06-27,002373,9.43,9.21,9.49,9.19,406771,378934935.28,3.15,-3.26,-0.31,2.95
2024-06-28,002373,9.14,9.07,9.36,9.04,423655,390320300.84,3.47,-1.52,-0.14,3.08
2024-07-01,002373,9.21,9.12,9.36,8.82,426126,385719887.76,5.95,0.55,0.05,3.09
2024-07-02,002373,9.03,8.89,9.16,8.87,365550,329118229.5,3.18,-2.52,-0.23,2.65
2024-07-03,002373,8.88,8.74,9.06,8.74,421028,374583054.89,3.6,-1.69,-0.15,3.06
2024-07-04,002373,9.01,9.51,9.61,9.01,1317415,1250872285.03,6.86,8.81,0.77,9.56
2024-07-05,002373,9.33,8.91,9.35,8.79,902851,813232785.98,5.89,-6.31,-0.6,6.55
2024-07-08,002373,8.81,8.17,8.87,8.11,695653,583987838.47,8.53,-8.31,-0.74,5.05
2024-07-09,002373,8.18,8.33,8.38,7.96,504324,414352898.33,5.14,1.96,0.16,3.66
2024-07-10,002373,8.3,9.12,9.16,8.27,1042370,939531820.45,10.68,9.48,0.79,7.57
2024-07-11,002373,8.94,9.05,9.13,8.82,804596,723028509.33,3.4,-0.77,-0.07,5.84
2024-07-12,002373,9.05,9.23,9.32,8.96,608689,559054200.98,3.98,1.99,0.18,4.42
2024-07-15,002373,9.16,9.14,9.55,9.1,523653,487059671.79,4.88,-0.98,-0.09,3.8
2024-07-16,002373,9.14,9.15,9.23,9.01,365720,333138846.26,2.41,0.11,0.01,2.65
2024-07-17,002373,9.31,9.04,9.35,9.04,510251,469592755.92,3.39,-1.2,-0.11,3.7
2024-07-18,002373,8.88,8.83,8.94,8.66,402999,354624281.08,3.1,-2.32,-0.21,2.93
2024-07-19,002373,8.8,8.84,8.97,8.71,271287,240643288.0,2.94,0.11,0.01,1.97
2024-07-22,002373,8.81,8.8,8.95,8.66,308557,272051103.83,3.28,-0.45,-0.04,2.24
2024-07-23,002373,8.75,8.69,9.03,8.68,427382,378893188.88,3.98,-1.25,-0.11,3.1
2024-07-24,002373,8.55,8.23,8.62,8.19,534397,447155707.29,4.95,-5.29,-0.46,3.88
2024-07-25,002373,8.12,8.24,8.28,8.01,307800,250654457.11,3.28,0.12,0.01,2.23
2024-07-26,002373,8.17,8.31,8.35,8.15,257309,212216872.4,2.43,0.85,0.07,1.87
2024-07-29,002373,8.31,8.72,8.95,8.19,532061,458147239.44,9.15,4.93,0.41,3.86
2024-07-30,002373,8.65,8.59,8.71,8.53,276293,237825481.08,2.06,-1.49,-0.13,2.01
2024-07-31,002373,8.54,8.78,8.82,8.5,388747,337484505.39,3.73,2.21,0.19,2.82
2024-08-01,002373,8.77,8.81,8.91,8.73,288211,254150118.0,2.05,0.34,0.03,2.09
2024-08-02,002373,8.7,8.69,8.93,8.65,337165,295921044.0,3.18,-1.36,-0.12,2.45
2024-08-05,002373,8.5,8.23,8.69,8.22,328535,277543942.0,5.41,-5.29,-0.46,2.38
2024-08-06,002373,8.41,8.28,8.47,8.17,226675,187255420.0,3.65,0.61,0.05,1.65
2024-08-07,002373,8.23,8.21,8.33,8.21,169646,140048335.71,1.45,-0.85,-0.07,1.23
2024-08-08,002373,8.15,8.11,8.2,7.98,214604,173379131.0,2.68,-1.22,-0.1,1.56
2024-08-09,002373,8.16,8.16,8.32,8.13,224806,184692662.49,2.34,0.62,0.05,1.63
2024-08-12,002373,8.14,8.0,8.16,7.98,194339,155949870.0,2.21,-1.96,-0.16,1.41
2024-08-13,002373,8.0,8.16,8.17,7.97,175065,141591632.72,2.5,2.0,0.16,1.27
2024-08-14,002373,8.17,8.08,8.27,8.08,149674,122551447.7,2.33,-0.98,-0.08,1.09
2024-08-15,002373,8.03,8.27,8.31,8.0,212034,174071072.82,3.84,2.35,0.19,1.54
2024-08-16,002373,8.23,8.11,8.29,8.09,160481,131088589.34,2.42,-1.93,-0.16,1.16
2024-08-19,002373,8.1,8.13,8.21,8.07,110700,90026941.0,1.73,0.25,0.02,0.8
2024-08-20,002373,8.13,7.87,8.15,7.83,217025,172608571.0,3.94,-3.2,-0.26,1.58
2024-08-21,002373,7.82,7.79,8.07,7.78,184788,146091773.1,3.68,-1.02,-0.08,1.34
2024-08-22,002373,7.8,7.68,7.87,7.65,133712,103582348.36,2.82,-1.41,-0.11,0.97
2024-08-23,002373,7.67,7.77,7.8,7.63,111663,86237669.0,2.21,1.17,0.09,0.81
2024-08-26,002373,7.75,7.74,7.84,7.7,103757,80578292.0,1.8,-0.39,-0.03,0.75
2024-08-27,002373,7.84,7.61,7.85,7.57,135729,104191750.0,3.62,-1.68,-0.13,0.99
2024-08-28,002373,7.54,7.66,7.73,7.5,113744,86679157.0,3.02,0.66,0.05,0.83
2024-08-29,002373,7.61,7.73,7.78,7.56,135641,104297588.0,2.87,0.91,0.07,0.98
2024-08-30,002373,7.71,7.92,8.07,7.69,176642,140138697.1,4.92,2.46,0.19,1.28
2024-09-02,002373,7.92,7.66,7.94,7.65,148749,115770135.0,3.66,-3.28,-0.26,1.08
2024-09-03,002373,7.66,7.71,7.74,7.63,122787,94295978.0,1.44,0.65,0.05,0.89
2024-09-04,002373,7.66,7.62,7.7,7.58,116560,88958351.0,1.56,-1.17,-0.09,0.85
2024-09-05,002373,7.65,7.76,7.78,7.63,117911,91039221.0,1.97,1.84,0.14,0.86
2024-09-06,002373,7.76,7.63,7.89,7.61,137286,106422011.0,3.61,-1.68,-0.13,1.0
2024-09-09,002373,7.59,7.52,7.64,7.43,120731,90957456.0,2.75,-1.44,-0.11,0.88
2024-09-10,002373,7.54,7.63,7.67,7.37,154351,115799427.1,3.99,1.46,0.11,1.12
2024-09-11,002373,7.6,7.55,7.6,7.5,86083,64966820.54,1.31,-1.05,-0.08,0.62
2024-09-12,002373,7.63,7.48,7.66,7.48,124509,94271108.3,2.38,-0.93,-0.07,0.9
2024-09-13,002373,7.49,7.34,7.51,7.34,99780,74015539.0,2.27,-1.87,-0.14,0.72
2024-09-18,002373,7.36,7.28,7.38,7.15,121869,88303562.32,3.13,-0.82,-0.06,0.88
2024-09-19,002373,7.35,7.38,7.47,7.26,169692,124956112.78,2.88,1.37,0.1,1.23
2024-09-20,002373,7.41,7.42,7.48,7.33,126382,93742876.0,2.03,0.54,0.04,0.92
2024-09-23,002373,7.47,7.62,7.68,7.4,186290,141080857.36,3.77,2.7,0.2,1.35
2024-09-24,002373,7.65,7.86,7.87,7.48,245606,189148149.88,5.12,3.15,0.24,1.78
2024-09-25,002373,7.95,7.95,8.11,7.89,268449,215032698.75,2.8,1.15,0.09,1.95
2024-09-26,002373,7.92,8.18,8.18,7.89,227594,183402788.0,3.65,2.89,0.23,1.65
2024-09-27,002373,8.33,8.58,8.74,8.28,382700,324420483.0,5.62,4.89,0.4,2.78
2024-09-30,002373,8.98,9.43,9.44,8.94,619901,572380403.31,5.83,9.91,0.85,4.5
2024-10-08,002373,10.37,10.37,10.37,9.67,781444,794595988.93,7.42,9.97,0.94,5.67
2024-10-09,002373,10.44,9.86,10.44,9.7,654404,659208626.16,7.14,-4.92,-0.51,4.75
2024-10-10,002373,10.05,9.59,10.15,9.51,431743,422378376.3,6.49,-2.74,-0.27,3.13
2024-10-11,002373,9.5,9.05,9.54,8.91,335528,308721118.0,6.57,-5.63,-0.54,2.44
2024-10-14,002373,9.05,9.35,9.35,8.85,330510,301435130.98,5.52,3.31,0.3,2.4
2024-10-15,002373,9.22,9.08,9.55,9.06,336873,313760384.42,5.24,-2.89,-0.27,2.45
2024-10-16,002373,8.9,9.16,9.28,8.85,219002,199531618.42,4.74,0.88,0.08,1.59
2024-10-17,002373,9.26,9.06,9.39,9.05,225950,208414010.33,3.71,-1.09,-0.1,1.64
2024-10-18,002373,9.1,9.38,9.57,8.97,333735,310098269.48,6.62,3.53,0.32,2.42
2024-10-21,002373,9.89,10.32,10.32,9.67,842016,849351957.12,6.93,10.02,0.94,6.11
2024-10-22,002373,10.8,10.29,10.97,10.28,1105441,1182678521.6,6.69,-0.29,-0.03,8.02
2024-10-23,002373,10.14,10.3,10.55,10.04,729536,751676799.6,4.96,0.1,0.01,5.3
2024-10-24,002373,10.35,9.83,10.39,9.8,524288,521321452.7,5.73,-4.56,-0.47,3.81
2024-10-25,002373,9.82,9.96,10.11,9.82,323846,321799731.0,2.95,1.32,0.13,2.35
2024-10-28,002373,9.91,10.2,10.2,9.9,353043,356843851.64,3.01,2.41,0.24,2.56
2024-10-29,002373,10.2,10.03,10.31,10.02,368570,374030035.3,2.84,-1.67,-0.17,2.68
2024-10-30,002373,9.85,10.23,10.4,9.8,419140,425272250.34,5.98,1.99,0.2,3.04
2024-10-31,002373,10.22,10.28,10.5,10.08,481689,494336888.4,4.11,0.49,0.05,3.5
2024-11-01,002373,10.21,9.74,10.25,9.73,447016,442667716.96,5.06,-5.25,-0.54,3.24
2024-11-04,002373,9.72,9.94,9.95,9.64,262844,258677391.4,3.18,2.05,0.2,1.91
2024-11-05,002373,9.9,10.42,10.51,9.87,546082,565079903.9,6.44,4.83,0.48,3.96
2024-11-06,002373,10.53,10.6,10.77,10.45,629275,668750934.38,3.07,1.73,0.18,4.57
2024-11-07,002373,10.46,10.95,11.05,10.42,582443,626165049.65,5.94,3.3,0.35,4.23
2024-11-08,002373,11.03,11.26,11.6,10.86,701189,790258542.67,6.76,2.83,0.31,5.09
2024-11-11,002373,11.34,11.28,11.43,11.1,655096,739107393.38,2.93,0.18,0.02,4.76
2024-11-12,002373,11.65,11.18,11.76,11.07,596923,681885442.62,6.12,-0.89,-0.1,4.33
2024-11-13,002373,11.09,11.04,11.25,10.8,399238,439357322.77,4.03,-1.25,-0.14,2.9
2024-11-14,002373,10.96,10.65,10.98,10.6,276920,298577002.7,3.44,-3.53,-0.39,2.01
2024-11-15,002373,10.53,10.36,10.75,10.35,308753,326459067.1,3.76,-2.72,-0.29,2.24
2024-11-18,002373,10.37,10.03,10.45,9.89,352430,354853723.0,5.41,-3.19,-0.33,2.56
2024-11-19,002373,9.95,10.21,10.22,9.89,250038,251880452.47,3.29,1.79,0.18,1.82
2024-11-20,002373,10.21,10.43,10.57,10.13,284089,295666426.88,4.31,2.15,0.22,2.06
2024-11-21,002373,10.36,10.33,10.49,10.19,231694,239738896.52,2.88,-0.96,-0.1,1.68
2024-11-22,002373,10.3,9.9,10.46,9.89,280274,285362127.02,5.52,-4.16,-0.43,2.03
2024-11-25,002373,10.01,9.93,10.06,9.71,236226,233000820.0,3.54,0.3,0.03,1.71
2024-11-26,002373,9.9,9.92,10.19,9.86,222458,222164880.46,3.32,-0.1,-0.01,1.61
2024-11-27,002373,9.85,10.0,10.02,9.56,272376,265590441.0,4.64,0.81,0.08,1.98
2024-11-28,002373,9.98,9.93,10.23,9.91,209190,209981359.73,3.2,-0.7,-0.07,1.52
2024-11-29,002373,9.89,10.09,10.18,9.87,243062,243942110.06,3.12,1.61,0.16,1.76
2024-12-02,002373,10.22,10.76,11.1,10.16,643013,694522729.96,9.32,6.64,0.67,4.67
2024-12-03,002373,10.69,10.57,10.75,10.43,387659,408994007.94,2.97,-1.77,-0.19,2.81
2024-12-04,002373,10.55,10.32,10.62,10.24,238974,248800402.5,3.6,-2.37,-0.25,1.73
2024-12-05,002373,10.3,10.5,10.62,10.25,227054,237995199.7,3.59,1.74,0.18,1.65
2024-12-06,002373,10.77,10.69,10.98,10.56,406021,435540211.26,4.0,1.81,0.19,2.95
2024-12-09,002373,10.69,10.68,10.97,10.53,403316,432000291.85,4.12,-0.09,-0.01,2.93
2024-12-10,002373,10.92,10.65,10.98,10.63,391591,423461132.39,3.28,-0.28,-0.03,2.84
2024-12-11,002373,10.65,10.9,10.95,10.59,390930,423138344.84,3.38,2.35,0.25,2.84
2024-12-12,002373,10.81,10.8,10.88,10.57,344306,369135934.36,2.84,-0.92,-0.1,2.5
2024-12-13,002373,10.69,11.0,11.24,10.66,634656,697815457.25,5.37,1.85,0.2,4.61
2024-12-16,002373,11.03,10.68,11.04,10.55,416683,445837874.3,4.45,-2.91,-0.32,3.02
2024-12-17,002373,10.56,10.44,10.71,10.36,285376,299947640.05,3.28,-2.25,-0.24,2.07
2024-12-18,002373,10.47,10.84,11.19,10.34,455932,491613608.57,8.14,3.83,0.4,3.31
2024-12-19,002373,10.6,10.98,11.0,10.48,435517,470308751.44,4.8,1.29,0.14,3.16
2024-12-20,002373,10.88,11.0,11.09,10.78,341088,374288780.05,2.82,0.18,0.02,2.48
2024-12-23,002373,10.95,10.4,11.03,10.33,370199,392091453.51,6.36,-5.45,-0.6,2.69
2024-12-24,002373,10.49,10.54,10.59,10.24,242778,253431853.0,3.37,1.35,0.14,1.76
2024-12-25,002373,10.51,10.3,10.53,10.17,205760,211827142.0,3.42,-2.28,-0.24,1.49
2024-12-26,002373,10.27,10.72,10.82,10.25,307409,327597613.22,5.53,4.08,0.42,2.23
2024-12-27,002373,10.75,10.66,10.92,10.63,226456,243742051.15,2.71,-0.56,-0.06,1.64
2024-12-30,002373,10.61,10.56,10.7,10.42,148681,157215597.22,2.63,-0.94,-0.1,1.08
2024-12-31,002373,10.62,10.14,11.0,10.14,595857,624484803.31,8.14,-3.98,-0.42,4.33
2025-01-02,002373,10.15,9.58,10.26,9.45,402578,395844900.22,7.99,-5.52,-0.56,2.92
2025-01-03,002373,9.6,9.01,9.65,9.0,362502,335213486.26,6.78,-5.95,-0.57,2.63
2025-01-06,002373,9.03,8.94,9.15,8.83,211614,189984041.72,3.55,-0.78,-0.07,1.54
2025-01-07,002373,8.96,9.02,9.04,8.84,192348,172244073.35,2.24,0.89,0.08,1.4
2025-01-08,002373,9.03,8.91,9.05,8.62,228945,202673014.25,4.77,-1.22,-0.11,1.66
2025-01-09,002373,8.95,8.99,9.1,8.87,178001,160332588.0,2.58,0.9,0.08,1.29
2025-01-10,002373,8.98,8.75,9.09,8.75,163536,145828455.09,3.78,-2.67,-0.24,1.19
2025-01-13,002373,8.66,8.85,8.87,8.54,146465,127923644.08,3.77,1.14,0.1,1.06
2025-01-14,002373,8.85,9.21,9.25,8.8,241121,218828371.3,5.08,4.07,0.36,1.75
2025-01-15,002373,9.22,9.1,9.22,9.05,140856,128402826.0,1.85,-1.19,-0.11,1.02
2025-01-16,002373,9.14,9.12,9.33,9.08,187763,172330541.0,2.75,0.22,0.02,1.36
2025-01-17,002373,9.07,9.14,9.21,9.04,114860,104978548.58,1.86,0.22,0.02,0.83
2025-01-20,002373,9.23,9.2,9.3,9.13,133922,123372235.06,1.86,0.66,0.06,0.97
2025-01-21,002373,9.24,9.23,9.3,9.11,103124,94791300.0,2.07,0.33,0.03,0.75
2025-01-22,002373,9.18,9.14,9.21,9.07,105845,96759840.5,1.52,-0.98,-0.09,0.77
2025-01-23,002373,9.23,9.11,9.4,9.09,174344,161819642.0,3.39,-0.33,-0.03,1.27
2025-01-24,002373,8.55,8.21,8.63,8.2,652616,539268413.23,4.72,-9.88,-0.9,4.74
2025-01-27,002373,8.28,8.23,8.44,8.18,346743,287643184.75,3.17,0.24,0.02,2.52
2025-02-05,002373,8.46,8.69,8.78,8.41,412548,355925658.52,4.5,5.59,0.46,2.99
2025-02-06,002373,8.7,9.42,9.45,8.59,464742,424600556.13,9.9,8.4,0.73,3.37
2025-02-07,002373,9.57,9.65,9.81,9.29,459085,440111262.88,5.52,2.44,0.23,3.33
2025-02-10,002373,9.77,10.04,10.05,9.61,419025,413129942.9,4.56,4.04,0.39,3.04
2025-02-11,002373,10.1,9.93,10.1,9.8,307207,304714654.22,2.99,-1.1,-0.11,2.23
2025-02-12,002373,10.46,10.31,10.49,10.02,641956,656554163.53,4.73,3.83,0.38,4.66
2025-02-13,002373,10.4,10.3,10.67,10.24,626348,651681424.56,4.17,-0.1,-0.01,4.55
2025-02-14,002373,10.33,10.89,11.06,10.31,868195,931789862.97,7.28,5.73,0.59,6.3
2025-02-17,002373,11.35,10.98,11.41,10.85,978096,1089104103.85,5.14,0.83,0.09,7.1
2025-02-18,002373,10.92,10.43,11.02,10.39,666913,711631292.66,5.74,-5.01,-0.55,4.84
2025-02-19,002373,10.43,10.7,10.98,10.43,460784,491511610.75,5.27,2.59,0.27,3.34
2025-02-20,002373,10.6,10.67,10.77,10.45,438616,465397961.33,2.99,-0.28,-0.03,3.18
2025-02-21,002373,10.98,11.04,11.14,10.69,660713,723550044.99,4.22,3.47,0.37,4.8
2025-02-24,002373,11.05,11.09,11.32,10.95,557247,619540386.82,3.35,0.45,0.05,4.05
2025-02-25,002373,10.89,10.97,11.16,10.74,403256,442268334.56,3.79,-1.08,-0.12,2.93
2025-02-26,002373,10.91,10.9,11.08,10.8,357970,389483100.54,2.55,-0.64,-0.07,2.6
2025-02-27,002373,10.9,10.57,10.92,10.38,413509,438371183.88,4.95,-3.03,-0.33,3.0
2025-02-28,002373,10.5,9.91,10.55,9.85,377285,382944805.2,6.62,-6.24,-0.66,2.74
2025-03-03,002373,10.0,10.03,10.25,9.84,275955,278485336.82,4.14,1.21,0.12,2.0
2025-03-04,002373,9.95,10.28,10.33,9.88,231336,236434484.0,4.49,2.49,0.25,1.68
2025-03-05,002373,10.28,10.28,10.38,10.1,182714,186915193.08,2.72,0.0,0.0,1.33
2025-03-06,002373,10.4,10.69,10.76,10.35,313257,331807690.23,3.99,3.99,0.41,2.27
2025-03-07,002373,10.72,10.75,11.1,10.66,479862,522027459.96,4.12,0.56,0.06,3.48
2025-03-10,002373,10.7,10.55,10.7,10.42,258496,272014909.02,2.6,-1.86,-0.2,1.88
2025-03-11,002373,10.45,10.58,10.75,10.35,217145,228964182.3,3.79,0.28,0.03,1.58
2025-03-12,002373,10.78,10.76,10.9,10.69,287701,310680501.37,1.98,1.7,0.18,2.09
2025-03-13,002373,10.68,10.4,10.75,10.29,257870,269218098.41,4.28,-3.35,-0.36,1.87
2025-03-14,002373,10.39,10.42,10.49,10.25,277722,288552074.72,2.31,0.19,0.02,2.02
2025-03-17,002373,10.39,10.37,10.48,10.21,228594,236428927.79,2.59,-0.48,-0.05,1.66
2025-03-18,002373,10.41,10.39,10.63,10.33,214571,224229290.73,2.89,0.19,0.02,1.56
2025-03-19,002373,10.34,10.12,10.35,10.08,217436,221120599.61,2.6,-2.6,-0.27,1.58
2025-03-20,002373,10.11,10.03,10.17,10.0,192026,193601735.0,1.68,-0.89,-0.09,1.39
2025-03-21,002373,10.0,9.76,10.05,9.74,238657,235656404.0,3.09,-2.69,-0.27,1.73
2025-03-24,002373,9.76,9.54,9.79,9.34,229704,218952547.14,4.61,-2.25,-0.22,1.67
2025-03-25,002373,9.52,9.44,9.59,9.39,159922,151445539.06,2.1,-1.05,-0.1,1.16
2025-03-26,002373,9.42,9.46,9.65,9.4,224637,213534751.08,2.65,0.21,0.02,1.63
2025-03-27,002373,9.4,9.4,9.5,9.28,169871,159538530.76,2.33,-0.63,-0.06,1.23
2025-03-28,002373,9.4,9.26,9.43,9.26,137246,127952376.41,1.81,-1.49,-0.14,1.0
2025-03-31,002373,9.22,9.3,9.33,9.1,162308,149524291.9,2.48,0.43,0.04,1.18
2025-04-01,002373,9.29,9.23,9.41,9.22,125463,116622137.17,2.04,-0.75,-0.07,0.91
2025-04-02,002373,9.24,9.26,9.39,9.21,110626,102672900.7,1.95,0.33,0.03,0.8
2025-04-03,002373,9.17,9.2,9.34,9.11,120939,111785541.81,2.48,-0.65,-0.06,0.88
2025-04-07,002373,8.8,8.28,8.81,8.28,237928,199851801.15,5.76,-10.0,-0.92,1.73
2025-04-08,002373,8.2,7.98,8.29,7.78,393656,315547223.29,6.16,-3.62,-0.3,2.86
2025-04-09,002373,7.89,8.12,8.16,7.51,295967,233919161.68,8.15,1.75,0.14,2.15
2025-04-10,002373,8.29,8.26,8.46,8.25,233298,194552805.53,2.59,1.72,0.14,1.69
2025-04-11,002373,8.21,8.39,8.5,8.19,204553,171425505.25,3.75,1.57,0.13,1.48
